,Tweet Text,Tweet Datetime,Tweet Id,Twitter @ Name,Location Info,Retweets,Favorites,Language,Source,Tweet Text_cln,Subjectivity,Polarity
0,"@asdominguez_ @PizzaHutSV @hugo_app Sofi, yo compré unas entradas para uno de los partidos de la Selecta, y los de @hugo_app también me hicieron un doble cobro, no me dieron las entradas, y me han dado mil excusas desde hace un mes y medio para no devolverme el dinero. Y créeme que no fueron $10 pesos. 😂😡",2021-09-19 03:41:31,1439434453793771525,guillermolopezv,"San Salvador, El Salvador",0,0,es,Twitter for Android,"_  _app Sofi, yo compré unas entradas para uno de los partidos de la Selecta, y los de _app también me hicieron un doble cobro, no me dieron las entradas, y me han dado mil excusas desde hace un mes y medio para no devolverme el dinero. Y créeme que no fueron $10 pesos. 😂😡",0.0,0.0
1,En estos momento odio a @PizzaHutSV por que no me hacen mi reembolso después de 3 meses y medio y a @hugo_app por que me hacen doble cobro en mi tarjeta 🙂,2021-09-19 03:10:53,1439426745149632516,asdominguez_,,0,7,es,Twitter for Android,En estos momento odio a  por que no me hacen mi reembolso después de 3 meses y medio y a _app por que me hacen doble cobro en mi tarjeta 🙂,0.0,0.0
2,"RT @CDOlimpia: ¡Bienvenido Hugo! 🤝@hugo_app

Esta mañana firmamos la alianza comercial con nuestro nuevo patrocinador Hugo en las instalaci…",2021-09-19 02:57:41,1439423420689752064,benavides_funez,Honduras ,28,0,es,Twitter Web App,": ¡Bienvenido Hugo! 🤝_app

Esta mañana firmamos la alianza comercial con nuestro nuevo patrocinador Hugo en las instalaci…",0.0,0.0
3,RT @NacionOlimpista: Bailar al ritmo de la hinchada 🎵🎶 y entregar a tiempo.☑️🤙🏼  @hugo_app sabe cómo hacerlo ⚽️😅 https://t.co/ZSZi0g9vvo,2021-09-19 00:00:44,1439378892234674188,JulioCMoreno14,Spirit In The Sky,2,0,es,Twitter for Android,: Bailar al ritmo de la hinchada 🎵🎶 y entregar a tiempo.☑️🤙🏼  _app sabe cómo hacerlo ⚽️😅 ,0.0,0.0
4,RT @NacionOlimpista: Bailar al ritmo de la hinchada 🎵🎶 y entregar a tiempo.☑️🤙🏼  @hugo_app sabe cómo hacerlo ⚽️😅 https://t.co/ZSZi0g9vvo,2021-09-18 23:16:52,1439367852801282048,edwincoleman,,2,0,es,Twitter for Android,: Bailar al ritmo de la hinchada 🎵🎶 y entregar a tiempo.☑️🤙🏼  _app sabe cómo hacerlo ⚽️😅 ,0.0,0.0
5,Bailar al ritmo de la hinchada 🎵🎶 y entregar a tiempo.☑️🤙🏼  @hugo_app sabe cómo hacerlo ⚽️😅 https://t.co/ZSZi0g9vvo,2021-09-18 23:14:08,1439367161953366017,NacionOlimpista,Honduras,2,16,es,Twitter for iPhone,Bailar al ritmo de la hinchada 🎵🎶 y entregar a tiempo.☑️🤙🏼  _app sabe cómo hacerlo ⚽️😅 ,0.0,0.0
6,@fesfut_sv @hugo_app cuando o donde saldrán a la venta los boletos para el partido de @LaSelecta_SLV vs @miseleccionmx en octubre.,2021-09-18 22:20:47,1439353737227784196,nestor7911,El Salvador,0,0,es,Twitter for iPhone,_sv _app cuando o donde saldrán a la venta los boletos para el partido de _SLV vs  en octubre.,0.0,0.0
7,¿Ya vieron todos los modelos de Wacom que tenemos disponibles?  Pídelo por @hugo_app llega en 30 minutos. @WacomEspanol  #LocompreenAsit #intuos https://t.co/2WsqjWCBPf,2021-09-18 20:11:35,1439321225004789768,ASIT_SV,San Salvador,0,3,es,Twitter for Android,¿Ya vieron todos los modelos de Wacom que tenemos disponibles?  Pídelo por _app llega en 30 minutos.   LocompreenAsit intuos ,0.0,0.0
8,"Este es el de hoy: 

103 días desde que me robaron 😠😠😠😠 HÁGANSE RESPONSABLES HIJOS DE PUTA SI LES SOBRA EL DINERO @hugo_app",2021-09-18 17:16:23,1439277132815998988,oscarflores8_,Latinoamérica,0,0,es,Twitter for iPhone,"Este es el de hoy: 

103 días desde que me robaron 😠😠😠😠 HÁGANSE RESPONSABLES HIJOS DE PUTA SI LES SOBRA EL DINERO _app",0.0,0.0
9,dejen de robarle a la gente @hugo_app,2021-09-18 17:14:57,1439276772139405326,oscarflores8_,Latinoamérica,0,0,es,Twitter for iPhone,dejen de robarle a la gente _app,0.0,0.0
10,"Se me había olvidado así que les van varios de un solo: 

PÁGUENME HIJOS DE PUTA @hugo_app",2021-09-18 17:14:12,1439276582959554567,oscarflores8_,Latinoamérica,0,0,es,Twitter for iPhone,"Se me había olvidado así que les van varios de un solo: 

PÁGUENME HIJOS DE PUTA _app",0.0,0.0
11,"No pares, sigue sigue 🎶

Seguimos haciendo sus envíos por @hugo_app.

Abiertos hasta las 09:00 P.M. 🤩 https://t.co/udISgZvVuX",2021-09-17 02:35:18,1438693012914200582,TechloverStore,,0,5,es,Twitter for Android,"No pares, sigue sigue 🎶

Seguimos haciendo sus envíos por _app.

Abiertos hasta las 09:00 P.M. 🤩 ",0.0,0.0
12,"@hugo_app como siempre de irresponsables, el banco solicita una carta por el proceso de devolución por el pedido que ustedes me cobraron y no enviaron.
Y hasta terminaron bloqueandome. Nunca enviaron nada. @Defensoria_910 como pueden trabajar este tipo de empresas IRRESPONSABLES https://t.co/Vwh4u4bmYo",2021-09-16 17:42:32,1438558937914167299,Lilypop___,"San Salvador, El Salvador",0,1,es,Twitter for iPhone,"_app como siempre de irresponsables, el banco solicita una carta por el proceso de devolución por el pedido que ustedes me cobraron y no enviaron.
Y hasta terminaron bloqueandome. Nunca enviaron nada. _910 como pueden trabajar este tipo de empresas IRRESPONSABLES ",0.0,0.0
13,"@hn_carlos @R_Villeda @hugo_app Lo q te quiero decir es q Olimpia con los Villeda, Ferrari etc NO NECESITA MANCHAR LA CAMISA con tanta publicidad es mi forma de ver, podrian hacer acuerdos comerciales de otra forma",2021-09-16 10:27:38,1438449490999095297,17moises17,Honduras,0,0,es,Twitter for Android,"_carlos _Villeda _app Lo q te quiero decir es q Olimpia con los Villeda, Ferrari etc NO NECESITA MANCHAR LA CAMISA con tanta publicidad es mi forma de ver, podrian hacer acuerdos comerciales de otra forma",0.0,0.0
14,"100 días. Increíble 

Ojalá PedidosYa les quite el negocio @hugo_app",2021-09-16 02:35:39,1438330711430340610,oscarflores8_,Latinoamérica,0,1,es,Twitter for iPhone,"100 días. Increíble 

Ojalá PedidosYa les quite el negocio _app",0.0,0.0
15,"Llegué al punto de quitarles el permiso de notificaciones, si joden ustedes @hugo_app",2021-09-15 23:11:54,1438279437393571859,JulioF_2012,Where Amazing Happens.,0,5,es,Twitter for iPhone,"Llegué al punto de quitarles el permiso de notificaciones, si joden ustedes _app",0.0,0.0
16,@kassmayorga @hugo_app Puras doñitas nosotros emocionados por compras del super jajaja,2021-09-15 22:19:49,1438266331598569474,unguanacoentgu,Honduras,0,0,es,Twitter for Android, _app Puras doñitas nosotros emocionados por compras del super jajaja,0.6666666666666666,0.3333333333333333
17,@unguanacoentgu @hugo_app Jajaja me encanta amigo🛒💜🛒💜,2021-09-15 22:13:55,1438264846810763264,kassmayorga,Honduras,0,0,es,Twitter for iPhone, _app Jajaja me encanta amigo🛒💜🛒💜,0.0,0.0
18,"@17moises17 @R_Villeda @hugo_app La camiseta como la del Atlas sí que lastima la identidad del club porque no tiene nada que ver con nuestros colores, igual fue cuando le pusieron la banda; muchos desaciertos.",2021-09-15 22:08:51,1438263568923828226,hn_carlos,,0,0,es,Twitter Web App," _Villeda _app La camiseta como la del Atlas sí que lastima la identidad del club porque no tiene nada que ver con nuestros colores, igual fue cuando le pusieron la banda; muchos desaciertos.",0.0,0.0
19,@kassmayorga @hugo_app Ya pedí a Diprova y a la Colonia ya hice mi super jajaja,2021-09-15 22:04:07,1438262380761387016,unguanacoentgu,Honduras,0,2,es,Twitter for Android, _app Ya pedí a Diprova y a la Colonia ya hice mi super jajaja,0.6666666666666666,0.3333333333333333
20,@kassmayorga @hugo_app Genial ya pido,2021-09-15 21:15:07,1438250047909531653,unguanacoentgu,Honduras,0,0,es,Twitter for Android, _app Genial ya pido,0.0,0.0
21,@unguanacoentgu @hugo_app En toditos 🛒,2021-09-15 21:14:53,1438249988425977860,kassmayorga,Honduras,0,1,es,Twitter for iPhone, _app En toditos 🛒,0.0,0.0
22,@kassmayorga @hugo_app De que super? O de todos en la categoría super mercado,2021-09-15 21:14:25,1438249872872837124,unguanacoentgu,Honduras,0,0,es,Twitter for Android, _app De que super? O de todos en la categoría super mercado,0.6666666666666666,0.3333333333333333
23,"Ey, hay 50% de descuento en sus compras arriba de L1,500 en la categoría de Supermercados en @hugo_app 🇭🇳💜 aprovechen que todavía pueden pedir! #consejosdedoñakass https://t.co/N0JuCA8wwf",2021-09-15 21:10:07,1438248789962366982,kassmayorga,Honduras,0,2,es,Twitter for iPhone,"Ey, hay 50% de descuento en sus compras arriba de L1,500 en la categoría de Supermercados en _app 🇭🇳💜 aprovechen que todavía pueden pedir! consejosdedoñakass ",0.0,0.0
24,"@hn_carlos @R_Villeda @hugo_app Supones mal, lo digo no por la empresa hugo sino por como cada vez mas esa camisa va pareciendo valla publicitaria Olimpia no necesita Mancharla si quiere patrocinadores q  lo hagan de otra forma",2021-09-15 21:03:13,1438247052761354242,17moises17,Honduras,0,0,es,Twitter for Android,"_carlos _Villeda _app Supones mal, lo digo no por la empresa hugo sino por como cada vez mas esa camisa va pareciendo valla publicitaria Olimpia no necesita Mancharla si quiere patrocinadores q  lo hagan de otra forma",0.0,0.0
25,"@hugo_app para cuando tendrán integración para pagos con bitcoin? Bitrefill no es integración, eso es un servicio externo.",2021-09-15 20:41:28,1438241578183757828,palvarezSV,Santa Rosa De Lima,0,0,es,Twitter for iPad,"_app para cuando tendrán integración para pagos con bitcoin? Bitrefill no es integración, eso es un servicio externo.",0.0,0.0
26,"@hugo_app Lo correcto es la primera SuperApp y no la primer SuperApp.

Corríjanlo.",2021-09-15 15:58:20,1438170326341402630,hn_carlos,,0,0,es,Twitter Web App,"_app Lo correcto es la primera SuperApp y no la primer SuperApp.

Corríjanlo.",0.0,0.0
27,"@17moises17 @R_Villeda Supongo que lo dices porque parece un nombre de persona. Creo que mejor debieron imprimirle @hugo_app 

Todavía podrían estar a tiempo. 

Hugo enmedio del círculo morado también, aunque quitaría bastante espacio si algún día quisieran ponerle más patrocinadores.

Buen día.",2021-09-15 15:55:56,1438169723833917442,hn_carlos,,0,0,es,Twitter Web App," _Villeda Supongo que lo dices porque parece un nombre de persona. Creo que mejor debieron imprimirle _app 

Todavía podrían estar a tiempo. 

Hugo enmedio del círculo morado también, aunque quitaría bastante espacio si algún día quisieran ponerle más patrocinadores.

Buen día.",0.0,0.0
28,"RT @NacionOlimpista: En #NaciónOlimpistaRadio se dió a conocer los detalles de la firma del contrato entre @hugo_app y @CDOlimpia
 
1.🚴🏻‍♀️…",2021-09-15 15:24:17,1438161757051174915,luracruz,,12,0,es,Twitter for Android,": En NaciónOlimpistaRadio se dió a conocer los detalles de la firma del contrato entre _app y 
 
1.🚴🏻‍♀️…",0.0,0.0
29,"Este 15 de septiembre queremos decirles que AMAMOS EL SALVADOR. Y que apoyamos lo local. 

Por eso nuestras plataformas principales son @hugo_app y @tuyoapp_. Plataformas hechas con amor en El Salvador. 🇸🇻",2021-09-15 15:14:49,1438159374560735237,TechloverStore,,0,4,es,Twitter Web App,"Este 15 de septiembre queremos decirles que AMAMOS EL SALVADOR. Y que apoyamos lo local. 

Por eso nuestras plataformas principales son _app y _. Plataformas hechas con amor en El Salvador. 🇸🇻",0.0,0.0
30,"RT @NacionOlimpista: ¡Hola @hugo_app! 👋🏼👋🏼Bienvenidos a la familia más grande de Honduras, bienvenidos a la #NaciónOlimpista. 🦁 https://t.c…",2021-09-15 06:50:18,1438032408247472130,DennisFernnde10,Barrio La Leona Honduras ,13,0,es,Twitter for Android,": ¡Hola _app! 👋🏼👋🏼Bienvenidos a la familia más grande de Honduras, bienvenidos a la NaciónOlimpista. 🦁 ",0.0,0.0
31,"RT @CDOlimpia: ¡Bienvenido Hugo! 🤝@hugo_app

Esta mañana firmamos la alianza comercial con nuestro nuevo patrocinador Hugo en las instalaci…",2021-09-15 06:46:23,1438031422711816193,DennisFernnde10,Barrio La Leona Honduras ,28,0,es,Twitter for Android,": ¡Bienvenido Hugo! 🤝_app

Esta mañana firmamos la alianza comercial con nuestro nuevo patrocinador Hugo en las instalaci…",0.0,0.0
32,@CDOlimpia @hugo_app Que empresa ocupaba ese espacio en la camisa o estaba vacío el espacio?,2021-09-15 06:18:19,1438024361785581575,Ivan_E17,,0,0,es,Twitter for iPhone, _app Que empresa ocupaba ese espacio en la camisa o estaba vacío el espacio?,0.0,0.0
33,"RT @NacionOlimpista: En #NaciónOlimpistaRadio se dió a conocer los detalles de la firma del contrato entre @hugo_app y @CDOlimpia
 
1.🚴🏻‍♀️…",2021-09-15 06:12:48,1438022971248058368,_CarlosJossue,Honduras,12,0,es,Twitter for iPhone,": En NaciónOlimpistaRadio se dió a conocer los detalles de la firma del contrato entre _app y 
 
1.🚴🏻‍♀️…",0.0,0.0
34,@FunesHade @NacionOlimpista @hugo_app @_leo10hd  tal vez así la compras,2021-09-15 05:23:05,1438010463015555072,bnsho10,"Tegucigalpa, Honduras",0,0,es,Twitter for iPhone,  _app @_leo10hd  tal vez así la compras,0.0,0.0
35,@NacionOlimpista @hugo_app Mas vale ke no hay ningun jugador que c llame hugo xke seria problema jaja,2021-09-15 04:58:21,1438004235673776128,marcosandino22,,0,0,es,Twitter for Android, _app Mas vale ke no hay ningun jugador que c llame hugo xke seria problema jaja,0.0,0.0
36,"RT @NacionOlimpista: ¡Hola @hugo_app! 👋🏼👋🏼Bienvenidos a la familia más grande de Honduras, bienvenidos a la #NaciónOlimpista. 🦁 https://t.c…",2021-09-15 04:35:18,1437998437883068420,Sixto_Aguero7,Honduras,13,0,es,Twitter for Android,": ¡Hola _app! 👋🏼👋🏼Bienvenidos a la familia más grande de Honduras, bienvenidos a la NaciónOlimpista. 🦁 ",0.0,0.0
37,"RT @NacionOlimpista: En #NaciónOlimpistaRadio se dió a conocer los detalles de la firma del contrato entre @hugo_app y @CDOlimpia
 
1.🚴🏻‍♀️…",2021-09-15 04:33:08,1437997890186760195,Edwinatorres01,Tegucigalpa Honduras,12,0,es,Twitter for Android,": En NaciónOlimpistaRadio se dió a conocer los detalles de la firma del contrato entre _app y 
 
1.🚴🏻‍♀️…",0.0,0.0
38,"RT @NacionOlimpista: En #NaciónOlimpistaRadio se dió a conocer los detalles de la firma del contrato entre @hugo_app y @CDOlimpia
 
1.🚴🏻‍♀️…",2021-09-15 04:18:10,1437994125584965634,aliskander81,,12,0,es,Twitter for iPhone,": En NaciónOlimpistaRadio se dió a conocer los detalles de la firma del contrato entre _app y 
 
1.🚴🏻‍♀️…",0.0,0.0
39,@hugo_app Por que en ingles?,2021-09-15 03:50:12,1437987087865860099,gavelar22,El Salvador,0,1,es,Twitter for iPhone,_app Por que en ingles?,0.0,0.0
40,"@R_Villeda @CDOlimpia @hugo_app Excelente fichaje, ayuda mucho un patrocinio en la pandemia que aún sigue, felicidades presi!",2021-09-15 03:34:00,1437983010067030017,JulioCMoreno14,Spirit In The Sky,0,0,es,Twitter Web App,"_Villeda  _app Excelente fichaje, ayuda mucho un patrocinio en la pandemia que aún sigue, felicidades presi!",0.0,0.0
41,"RT @NacionOlimpista: En #NaciónOlimpistaRadio se dió a conocer los detalles de la firma del contrato entre @hugo_app y @CDOlimpia
 
1.🚴🏻‍♀️…",2021-09-15 02:39:20,1437969253567696900,195Cesar,,12,0,es,Twitter for iPhone,": En NaciónOlimpistaRadio se dió a conocer los detalles de la firma del contrato entre _app y 
 
1.🚴🏻‍♀️…",0.0,0.0
42,¿Alguien sabe que le pasa a @hugo_app? Llevo más de 1 hora esperando una orden y soy el 150° en la fila en atención al cliente 😔,2021-09-15 02:38:55,1437969145279225857,progre4life,In my head,0,1,es,Twitter for Android,¿Alguien sabe que le pasa a _app? Llevo más de 1 hora esperando una orden y soy el 150° en la fila en atención al cliente 😔,0.0,0.0
43,"RT @CDOlimpia: ¡Bienvenido Hugo! 🤝@hugo_app

Esta mañana firmamos la alianza comercial con nuestro nuevo patrocinador Hugo en las instalaci…",2021-09-15 02:15:08,1437963160447819783,_Olimpistahn,Honduras ,28,0,es,Twitter for Android,": ¡Bienvenido Hugo! 🤝_app

Esta mañana firmamos la alianza comercial con nuestro nuevo patrocinador Hugo en las instalaci…",0.0,0.0
44,"@hugo_app espero que por aqui me envian la carta que mi banco les solicito para que me reintegren los intereses de mi tarjeta, ya que me ha tocado ir a buscarlos a sus oficinas para ello. Acaso debo notificarle al banco que ustedes ni eso quieren hacer? @Defensoria_910",2021-09-15 01:27:22,1437951140314898435,Lilypop___,"San Salvador, El Salvador",0,0,es,Twitter for iPhone,"_app espero que por aqui me envian la carta que mi banco les solicito para que me reintegren los intereses de mi tarjeta, ya que me ha tocado ir a buscarlos a sus oficinas para ello. Acaso debo notificarle al banco que ustedes ni eso quieren hacer? _910",0.0,0.0
45,Estoy así 👌🏼 de borrar @hugo_app,2021-09-15 01:26:47,1437950992960602114,TaniaMaguilar,,0,0,es,Twitter for iPhone,Estoy así 👌🏼 de borrar _app,0.0,0.0
46,@NacionOlimpista @hugo_app @CDOlimpia Me pueden aclarar el punto 2 ? Ósea que ya no se venderían boletos por Tengo ? Para partidos de local ? 😅,2021-09-15 00:51:10,1437942031205212164,AJLG10,Honduras ,0,1,es,Twitter for iPhone, _app  Me pueden aclarar el punto 2 ? Ósea que ya no se venderían boletos por Tengo ? Para partidos de local ? 😅,0.0,0.0
47,RT @NacionOlimpista: ¡YA! ¡YA! Conocé todos los detalles de la firma entre @hugo_app y @CDOlimpia en #NaciónOlimpistaRadio totalmente en vi…,2021-09-15 00:50:04,1437941753147973642,JulioCMoreno14,Spirit In The Sky,4,0,es,Twitter for Android,: ¡YA! ¡YA! Conocé todos los detalles de la firma entre _app y  en NaciónOlimpistaRadio totalmente en vi…,0.0,0.0
48,"RT @NacionOlimpista: En #NaciónOlimpistaRadio se dió a conocer los detalles de la firma del contrato entre @hugo_app y @CDOlimpia
 
1.🚴🏻‍♀️…",2021-09-15 00:50:01,1437941742037241861,JulioCMoreno14,Spirit In The Sky,12,0,es,Twitter for Android,": En NaciónOlimpistaRadio se dió a conocer los detalles de la firma del contrato entre _app y 
 
1.🚴🏻‍♀️…",0.0,0.0
49,"RT @NacionOlimpista: En #NaciónOlimpistaRadio se dió a conocer los detalles de la firma del contrato entre @hugo_app y @CDOlimpia
 
1.🚴🏻‍♀️…",2021-09-15 00:27:54,1437936176900579331,IssaSauceda24,HONDURAS,12,0,es,Twitter for Android,": En NaciónOlimpistaRadio se dió a conocer los detalles de la firma del contrato entre _app y 
 
1.🚴🏻‍♀️…",0.0,0.0
50,"RT @NacionOlimpista: ¡Hola @hugo_app! 👋🏼👋🏼Bienvenidos a la familia más grande de Honduras, bienvenidos a la #NaciónOlimpista. 🦁 https://t.c…",2021-09-15 00:17:44,1437933617930461185,MIURAdalCuore,...Tegucigalpa ,13,0,es,Twitter for Android,": ¡Hola _app! 👋🏼👋🏼Bienvenidos a la familia más grande de Honduras, bienvenidos a la NaciónOlimpista. 🦁 ",0.0,0.0
51,"@oscarflores8_ @hugo_app páguenle a mi amigo, por favor @hugo_app",2021-09-15 00:05:46,1437930606428569606,fabidicious,,0,1,es,Twitter for iPhone,"_ _app páguenle a mi amigo, por favor _app",0.0,0.0
52,"RT @NacionOlimpista: En #NaciónOlimpistaRadio se dió a conocer los detalles de la firma del contrato entre @hugo_app y @CDOlimpia
 
1.🚴🏻‍♀️…",2021-09-14 23:49:04,1437926404524548100,evans_hernandez,Honduras ,12,0,es,Twitter for iPhone,": En NaciónOlimpistaRadio se dió a conocer los detalles de la firma del contrato entre _app y 
 
1.🚴🏻‍♀️…",0.0,0.0
53,99 días desde que me robaron @hugo_app 📆,2021-09-14 23:37:38,1437923525415870469,oscarflores8_,Latinoamérica,0,0,es,Twitter for iPhone,99 días desde que me robaron _app 📆,0.0,0.0
54,"RT @NacionOlimpista: ¡Hola @hugo_app! 👋🏼👋🏼Bienvenidos a la familia más grande de Honduras, bienvenidos a la #NaciónOlimpista. 🦁 https://t.c…",2021-09-14 23:29:24,1437921453119352842,calix_nokeira,,13,0,es,Twitter for iPhone,": ¡Hola _app! 👋🏼👋🏼Bienvenidos a la familia más grande de Honduras, bienvenidos a la NaciónOlimpista. 🦁 ",0.0,0.0
55,"RT @NacionOlimpista: En #NaciónOlimpistaRadio se dió a conocer los detalles de la firma del contrato entre @hugo_app y @CDOlimpia
 
1.🚴🏻‍♀️…",2021-09-14 23:28:43,1437921280641150977,calix_nokeira,,12,0,es,Twitter for iPhone,": En NaciónOlimpistaRadio se dió a conocer los detalles de la firma del contrato entre _app y 
 
1.🚴🏻‍♀️…",0.0,0.0
56,"RT @NacionOlimpista: En #NaciónOlimpistaRadio se dió a conocer los detalles de la firma del contrato entre @hugo_app y @CDOlimpia
 
1.🚴🏻‍♀️…",2021-09-14 23:23:49,1437920046903349250,Maximus2938,Honduras,12,0,es,Twitter for Android,": En NaciónOlimpistaRadio se dió a conocer los detalles de la firma del contrato entre _app y 
 
1.🚴🏻‍♀️…",0.0,0.0
57,"En #NaciónOlimpistaRadio se dió a conocer los detalles de la firma del contrato entre @hugo_app y @CDOlimpia
 
1.🚴🏻‍♀️👕 Podrás comprar la indumentaria del club a través de Hugo App. 
2.📲🎟 Venta de boletos tanto físicos como en línea con la App de Hugo. 
¡Se firmó por 2 años! https://t.co/bFLgHDNvDp",2021-09-14 23:23:19,1437919920889778186,NacionOlimpista,Honduras,12,96,es,Twitter for iPhone,"En NaciónOlimpistaRadio se dió a conocer los detalles de la firma del contrato entre _app y 
 
1.🚴🏻‍♀️👕 Podrás comprar la indumentaria del club a través de Hugo App. 
2.📲🎟 Venta de boletos tanto físicos como en línea con la App de Hugo. 
¡Se firmó por 2 años! ",0.0,0.0
58,"@NacionOlimpista @CDOlimpia @hugo_app @carlospineda51 @carlosalexispr ""Que interesante"" ojo soy olimpista😒",2021-09-14 23:19:33,1437918975623585805,JuanMej40471705,,0,0,es,Twitter for Android,"  _app   ""Que interesante"" ojo soy olimpista😒",0.0,0.0
59,RT @NacionOlimpista: ¡OLIMPIA FIRMA NUEVO PATROCINADOR! @hugo_app se convierte en el nuevo representante en nuestra camiseta. ¡Acompañará l…,2021-09-14 23:00:31,1437914183618682883,Edwinatorres01,Tegucigalpa Honduras,13,0,es,Twitter for Android,: ¡OLIMPIA FIRMA NUEVO PATROCINADOR! _app se convierte en el nuevo representante en nuestra camiseta. ¡Acompañará l…,0.0,0.0
60,RT @NacionOlimpista: ¡YA! ¡YA! Conocé todos los detalles de la firma entre @hugo_app y @CDOlimpia en #NaciónOlimpistaRadio totalmente en vi…,2021-09-14 22:57:52,1437913519119286272,Edwinatorres01,Tegucigalpa Honduras,4,0,es,Twitter for Android,: ¡YA! ¡YA! Conocé todos los detalles de la firma entre _app y  en NaciónOlimpistaRadio totalmente en vi…,0.0,0.0
61,@NacionOlimpista @hugo_app Y que beneficio le aporta a la afición? @R_Villeda,2021-09-14 22:56:42,1437913224473628677,enamoradoandr3s,Tierra,0,0,es,Twitter for Android, _app Y que beneficio le aporta a la afición? _Villeda,0.0,0.0
62,RT @anibalmedrano1: Hola @hugo_app ¿podemos hacerles el pedido de un estadio para el Olimpia?😁🤞🏼,2021-09-14 22:55:23,1437912891051622409,velasquezmayron,Honduras,3,0,es,Twitter for Android,: Hola _app ¿podemos hacerles el pedido de un estadio para el Olimpia?😁🤞🏼,0.0,0.0
63,RT @R_Villeda: Muy contentos porque se ha sumado una marca líder en su área a nuestro querido @CDOlimpia Gracias amigos de @hugo_app por co…,2021-09-14 22:46:00,1437910530132430851,rafas_paz,"San Pedro Sula, Honduras",7,0,es,Twitter for Android,_Villeda: Muy contentos porque se ha sumado una marca líder en su área a nuestro querido  Gracias amigos de _app por co…,0.0,0.0
64,RT @NacionOlimpista: ¡YA! ¡YA! Conocé todos los detalles de la firma entre @hugo_app y @CDOlimpia en #NaciónOlimpistaRadio totalmente en vi…,2021-09-14 22:41:23,1437909370747162624,IssaSauceda24,HONDURAS,4,0,es,Twitter Web App,: ¡YA! ¡YA! Conocé todos los detalles de la firma entre _app y  en NaciónOlimpistaRadio totalmente en vi…,0.0,0.0
65,RT @NacionOlimpista: ¡YA! ¡YA! Conocé todos los detalles de la firma entre @hugo_app y @CDOlimpia en #NaciónOlimpistaRadio totalmente en vi…,2021-09-14 22:41:08,1437909305014034434,CesarGodoy_,Honduras,4,0,es,Twitter for iPhone,: ¡YA! ¡YA! Conocé todos los detalles de la firma entre _app y  en NaciónOlimpistaRadio totalmente en vi…,0.0,0.0
66,"¡Gracias por tus comentarios! 

Recuerda que tienes envío gratis si compras a través de @hugo_app https://t.co/LZFkWCBLPz",2021-09-14 22:39:39,1437908934661128192,TechloverStore,,0,0,es,Twitter Web App,"¡Gracias por tus comentarios! 

Recuerda que tienes envío gratis si compras a través de _app ",0.0,0.0
67,¡YA! ¡YA! Conocé todos los detalles de la firma entre @hugo_app y @CDOlimpia en #NaciónOlimpistaRadio totalmente en vivo 🙌🏼  👉🏼👉🏼 https://t.co/bOo4BvZOCL,2021-09-14 22:38:10,1437908561984638976,NacionOlimpista,Honduras,4,31,es,Twitter for iPhone,¡YA! ¡YA! Conocé todos los detalles de la firma entre _app y  en NaciónOlimpistaRadio totalmente en vivo 🙌🏼  👉🏼👉🏼 ,0.0,0.0
68,RT @anibalmedrano1: Hola @hugo_app ¿podemos hacerles el pedido de un estadio para el Olimpia?😁🤞🏼,2021-09-14 22:28:16,1437906067481145346,Maximus2938,Honduras,3,0,es,Twitter for Android,: Hola _app ¿podemos hacerles el pedido de un estadio para el Olimpia?😁🤞🏼,0.0,0.0
69,RT @anibalmedrano1: Hola @hugo_app ¿podemos hacerles el pedido de un estadio para el Olimpia?😁🤞🏼,2021-09-14 22:26:17,1437905571643076608,ChavaOlimpista,Tegucigalpa Honduras,3,0,es,Twitter for Android,: Hola _app ¿podemos hacerles el pedido de un estadio para el Olimpia?😁🤞🏼,0.0,0.0
70,"No veo a los de @hugo_app haciendo uso de este recurso en tendencia, les falta malicia, les falta atreverse-se-se salir del closet https://t.co/ynvkIwa7dE",2021-09-14 22:24:20,1437905079873515524,sadytouch,"Tegucigalpa, Honduras",0,0,es,Twitter for Android,"No veo a los de _app haciendo uso de este recurso en tendencia, les falta malicia, les falta atreverse-se-se salir del closet ",0.0,0.0
71,@geframa @CDOlimpia @hugo_app Más paquetes argentinos van a traer.,2021-09-14 22:07:45,1437900905429544973,Elvinh123,Tegucigalpa-Honduras,0,0,es,Twitter for Android,  _app Más paquetes argentinos van a traer.,0.0,0.0
72,"RT @TatoSaybe: Bienvenido @hugo_app a la gran familia de @CDOlimpia , sin duda lograremos grandes cosas juntos. 

#EntreGigantesNosEntedemos",2021-09-14 22:01:41,1437899378191183875,Hondurasimport1,Wilmington NC,1,0,es,Twitter for Android,": Bienvenido _app a la gran familia de  , sin duda lograremos grandes cosas juntos. 

EntreGigantesNosEntedemos",0.0,0.0
73,"RT @CDOlimpia: ¡Bienvenido Hugo! 🤝@hugo_app

Esta mañana firmamos la alianza comercial con nuestro nuevo patrocinador Hugo en las instalaci…",2021-09-14 21:57:32,1437898334455402503,OlivaJosue1,Honduras,28,0,es,Twitter for Android,": ¡Bienvenido Hugo! 🤝_app

Esta mañana firmamos la alianza comercial con nuestro nuevo patrocinador Hugo en las instalaci…",0.0,0.0
74,RT @Nangara_31: @AlanBIL1 @R_Villeda @339_850425 @CDOlimpia @hugo_app JOH es más motagüense que las nalgas operadas de Diego Vásquez,2021-09-14 21:55:32,1437897829930971137,339_850425,"El Carri,Comayagüela M.D.C.",1,0,es,Twitter Web App,_31:  _Villeda _850425  _app JOH es más motagüense que las nalgas operadas de Diego Vásquez,0.0,0.0
75,@geframa @CDOlimpia @hugo_app Fichajes como cuales de los ultimos 6  rollos de malla que han traído salvandose 2 y ya saben quienes son de los 8,2021-09-14 21:49:57,1437896427519324163,jcramosmo,en la luna ,0,0,es,Twitter for Android,  _app Fichajes como cuales de los ultimos 6  rollos de malla que han traído salvandose 2 y ya saben quienes son de los 8,0.0,0.0
76,"RT @NacionOlimpista: ¡Hola @hugo_app! 👋🏼👋🏼Bienvenidos a la familia más grande de Honduras, bienvenidos a la #NaciónOlimpista. 🦁 https://t.c…",2021-09-14 21:36:55,1437893144918511618,Djba_98,La Boca. ,13,0,es,Twitter for Android,": ¡Hola _app! 👋🏼👋🏼Bienvenidos a la familia más grande de Honduras, bienvenidos a la NaciónOlimpista. 🦁 ",0.0,0.0
77,@AlanBIL1 @R_Villeda @339_850425 @CDOlimpia @hugo_app JOH es más motagüense que las nalgas operadas de Diego Vásquez,2021-09-14 21:36:42,1437893091839680514,Nangara_31,Honduras,1,2,es,Twitter for Android, _Villeda _850425  _app JOH es más motagüense que las nalgas operadas de Diego Vásquez,0.0,0.0
78,@NacionOlimpista @carlospineda51 @CDOlimpia @hugo_app @carlosalexispr Entonces ahora q escriba “Carlos” x o y cosa en los comentarios del fb tendre q epecificar cual de los dos carlos??,2021-09-14 21:35:15,1437892726171832320,NacionalOlimpia,Honduras,0,0,es,Twitter for iPhone,   _app  Entonces ahora q escriba “Carlos” x o y cosa en los comentarios del fb tendre q epecificar cual de los dos carlos??,0.0,0.0
79,"RT @NacionOlimpista: ¡Hola @hugo_app! 👋🏼👋🏼Bienvenidos a la familia más grande de Honduras, bienvenidos a la #NaciónOlimpista. 🦁 https://t.c…",2021-09-14 21:31:53,1437891878599471106,Hondurasimport1,Wilmington NC,13,0,es,Twitter for Android,": ¡Hola _app! 👋🏼👋🏼Bienvenidos a la familia más grande de Honduras, bienvenidos a la NaciónOlimpista. 🦁 ",0.0,0.0
80,RT @R_Villeda: Muy contentos porque se ha sumado una marca líder en su área a nuestro querido @CDOlimpia Gracias amigos de @hugo_app por co…,2021-09-14 21:31:44,1437891840167006215,Hondurasimport1,Wilmington NC,7,0,es,Twitter for Android,_Villeda: Muy contentos porque se ha sumado una marca líder en su área a nuestro querido  Gracias amigos de _app por co…,0.0,0.0
81,RT @R_Villeda: Muy contentos porque se ha sumado una marca líder en su área a nuestro querido @CDOlimpia Gracias amigos de @hugo_app por co…,2021-09-14 21:27:08,1437890682354610179,Limber9Perez,,7,0,es,Twitter for Android,_Villeda: Muy contentos porque se ha sumado una marca líder en su área a nuestro querido  Gracias amigos de _app por co…,0.0,0.0
82,"RT @NacionOlimpista: ¡Hola @hugo_app! 👋🏼👋🏼Bienvenidos a la familia más grande de Honduras, bienvenidos a la #NaciónOlimpista. 🦁 https://t.c…",2021-09-14 21:14:00,1437887381143793666,CesarGodoy_,Honduras,13,0,es,Twitter for iPhone,": ¡Hola _app! 👋🏼👋🏼Bienvenidos a la familia más grande de Honduras, bienvenidos a la NaciónOlimpista. 🦁 ",0.0,0.0
83,Que servicio más basura se ha vuelto @hugo_app 😕,2021-09-14 21:13:26,1437887237019082757,joselinetoledo,,0,1,es,Twitter for Android,Que servicio más basura se ha vuelto _app 😕,0.0,0.0
84,@RonyAvilesc @CDOlimpia @hugo_app @carlospineda51 @carlosalexispr Nosotros trasladaremos esa pregunta a la gente de #Hugo en nuestro programa radial. Pendiente. ¡Saludos!,2021-09-14 21:11:15,1437886688328626181,NacionOlimpista,Honduras,0,0,es,Twitter for iPhone,  _app   Nosotros trasladaremos esa pregunta a la gente de Hugo en nuestro programa radial. Pendiente. ¡Saludos!,0.0,0.0
85,"RT @NacionOlimpista: ¡Hola @hugo_app! 👋🏼👋🏼Bienvenidos a la familia más grande de Honduras, bienvenidos a la #NaciónOlimpista. 🦁 https://t.c…",2021-09-14 21:07:29,1437885738780143624,Dennis_Munoz13,,13,0,es,Twitter for Android,": ¡Hola _app! 👋🏼👋🏼Bienvenidos a la familia más grande de Honduras, bienvenidos a la NaciónOlimpista. 🦁 ",0.0,0.0
86,"Bienvenido @hugo_app a la gran familia de @CDOlimpia , sin duda lograremos grandes cosas juntos. 

#EntreGigantesNosEntedemos https://t.co/waz6k46UUf",2021-09-14 20:58:30,1437883479002206208,TatoSaybe,,1,45,es,Twitter for iPad,"Bienvenido _app a la gran familia de  , sin duda lograremos grandes cosas juntos. 

EntreGigantesNosEntedemos ",0.0,0.0
87,"RT @NacionOlimpista: ¡Hola @hugo_app! 👋🏼👋🏼Bienvenidos a la familia más grande de Honduras, bienvenidos a la #NaciónOlimpista. 🦁 https://t.c…",2021-09-14 20:45:54,1437880308897091594,evans_hernandez,Honduras ,13,0,es,Twitter for iPhone,": ¡Hola _app! 👋🏼👋🏼Bienvenidos a la familia más grande de Honduras, bienvenidos a la NaciónOlimpista. 🦁 ",0.0,0.0
88,"RT @Nangara_31: @R_Villeda @339_850425 @CDOlimpia @hugo_app Estadio nuevo mi Rafa!!! ""Estadio Delivery Hugo"" ""Estadio Bancatlan"" ""Estadio B…",2021-09-14 20:35:59,1437877811671441411,339_850425,"El Carri,Comayagüela M.D.C.",1,0,es,Twitter Web App,"_31: _Villeda _850425  _app Estadio nuevo mi Rafa!!! ""Estadio Delivery Hugo"" ""Estadio Bancatlan"" ""Estadio B…",0.0,0.0
89,No entiendo porque @hugo_app se mete al delivery de donas si no tienen la capacidad ni para cumplir tiempos de entrega decentes ni la atención al cliente🤔,2021-09-14 20:35:30,1437877691391397895,mpaulinac,#FAS ⚽  ,0,8,es,Twitter for iPhone,No entiendo porque _app se mete al delivery de donas si no tienen la capacidad ni para cumplir tiempos de entrega decentes ni la atención al cliente🤔,0.0,0.0
90,"@R_Villeda @339_850425 @CDOlimpia @hugo_app Estadio nuevo mi Rafa!!! ""Estadio Delivery Hugo"" ""Estadio Bancatlan"" ""Estadio Banco Atlántida""

Hay que jugarsela con los patrocinadores",2021-09-14 20:35:28,1437877683090767872,Nangara_31,Honduras,1,5,es,Twitter for Android,"_Villeda _850425  _app Estadio nuevo mi Rafa!!! ""Estadio Delivery Hugo"" ""Estadio Bancatlan"" ""Estadio Banco Atlántida""

Hay que jugarsela con los patrocinadores",0.0,0.0
91,"RT @NacionOlimpista: ¡Hola @hugo_app! 👋🏼👋🏼Bienvenidos a la familia más grande de Honduras, bienvenidos a la #NaciónOlimpista. 🦁 https://t.c…",2021-09-14 20:33:15,1437877124225019914,destephen_j,Sol Sur,13,0,es,Twitter for Android,": ¡Hola _app! 👋🏼👋🏼Bienvenidos a la familia más grande de Honduras, bienvenidos a la NaciónOlimpista. 🦁 ",0.0,0.0
92,"@R_Villeda @339_850425 @CDOlimpia @hugo_app No puedo ver nada presi, ya que el CM del club bloquea a todos, como ella es del victoria, no está acostumbrada a la presión de manejar redes del club más grande de C.A",2021-09-14 20:31:15,1437876621839638532,payasitodebus,Tu Mente ,0,1,es,Twitter for Android,"_Villeda _850425  _app No puedo ver nada presi, ya que el CM del club bloquea a todos, como ella es del victoria, no está acostumbrada a la presión de manejar redes del club más grande de C.A",0.0,0.0
93,"RT @NacionOlimpista: ¡Hola @hugo_app! 👋🏼👋🏼Bienvenidos a la familia más grande de Honduras, bienvenidos a la #NaciónOlimpista. 🦁 https://t.c…",2021-09-14 20:30:52,1437876522979938307,Paola_NRT,Honduras,13,0,es,Twitter Web App,": ¡Hola _app! 👋🏼👋🏼Bienvenidos a la familia más grande de Honduras, bienvenidos a la NaciónOlimpista. 🦁 ",0.0,0.0
94,"RT @CDOlimpia: ¡Bienvenido Hugo! 🤝@hugo_app

Esta mañana firmamos la alianza comercial con nuestro nuevo patrocinador Hugo en las instalaci…",2021-09-14 20:27:33,1437875689743699971,Edwinatorres01,Tegucigalpa Honduras,28,0,es,Twitter for Android,": ¡Bienvenido Hugo! 🤝_app

Esta mañana firmamos la alianza comercial con nuestro nuevo patrocinador Hugo en las instalaci…",0.0,0.0
95,"RT @NacionOlimpista: ¡Hola @hugo_app! 👋🏼👋🏼Bienvenidos a la familia más grande de Honduras, bienvenidos a la #NaciónOlimpista. 🦁 https://t.c…",2021-09-14 20:27:16,1437875617693843468,Edwinatorres01,Tegucigalpa Honduras,13,0,es,Twitter for Android,": ¡Hola _app! 👋🏼👋🏼Bienvenidos a la familia más grande de Honduras, bienvenidos a la NaciónOlimpista. 🦁 ",0.0,0.0
96,RT @R_Villeda: Muy contentos porque se ha sumado una marca líder en su área a nuestro querido @CDOlimpia Gracias amigos de @hugo_app por co…,2021-09-14 20:26:33,1437875437632430082,339_850425,"El Carri,Comayagüela M.D.C.",7,0,es,Twitter Web App,_Villeda: Muy contentos porque se ha sumado una marca líder en su área a nuestro querido  Gracias amigos de _app por co…,0.0,0.0
97,RT @R_Villeda: Muy contentos porque se ha sumado una marca líder en su área a nuestro querido @CDOlimpia Gracias amigos de @hugo_app por co…,2021-09-14 20:26:17,1437875371177922576,teguzcholu,,7,0,es,Twitter for Android,_Villeda: Muy contentos porque se ha sumado una marca líder en su área a nuestro querido  Gracias amigos de _app por co…,0.0,0.0
98,"RT @NacionOlimpista: ¡Hola @hugo_app! 👋🏼👋🏼Bienvenidos a la familia más grande de Honduras, bienvenidos a la #NaciónOlimpista. 🦁 https://t.c…",2021-09-14 20:26:07,1437875328882446341,JulioCMoreno14,Spirit In The Sky,13,0,es,Twitter for Android,": ¡Hola _app! 👋🏼👋🏼Bienvenidos a la familia más grande de Honduras, bienvenidos a la NaciónOlimpista. 🦁 ",0.0,0.0
99,Muy contentos porque se ha sumado una marca líder en su área a nuestro querido @CDOlimpia Gracias amigos de @hugo_app por confiar en nosotros. Estoy seguro que esta unión traerá muchos éxitos para ambos. ¡Enhorabuena! https://t.co/nPstItPyLZ,2021-09-14 20:24:51,1437875012216688643,R_Villeda,,7,156,es,Twitter Web App,Muy contentos porque se ha sumado una marca líder en su área a nuestro querido  Gracias amigos de _app por confiar en nosotros. Estoy seguro que esta unión traerá muchos éxitos para ambos. ¡Enhorabuena! ,0.0,0.0
100,"¡Hola @hugo_app! 👋🏼👋🏼Bienvenidos a la familia más grande de Honduras, bienvenidos a la #NaciónOlimpista. 🦁 https://t.co/rRLhFU7bVJ",2021-09-14 20:24:45,1437874986006597633,NacionOlimpista,Honduras,13,157,es,Twitter for iPhone,"¡Hola _app! 👋🏼👋🏼Bienvenidos a la familia más grande de Honduras, bienvenidos a la NaciónOlimpista. 🦁 ",0.0,0.0
101,"@daveDYmorel @Maximus2938 @CDOlimpia @hugo_app Tiene razón solo quejándose si tanto les gusta la otra pagina pues solo sigan la otra y ya, ya la cagan!!",2021-09-14 20:18:12,1437873337967972352,Garmendia30,HONDURAS ,0,2,es,Twitter for iPhone,"   _app Tiene razón solo quejándose si tanto les gusta la otra pagina pues solo sigan la otra y ya, ya la cagan!!",0.0,0.0
102,"@hugo_app 2 horas esperando mi pedido y lo único que han podido decirme es que tenga paciencia, excelente servicio de su parte😐",2021-09-14 20:14:46,1437872472175566848,Gerardo11305065,,0,0,es,Twitter for Android,"_app 2 horas esperando mi pedido y lo único que han podido decirme es que tenga paciencia, excelente servicio de su parte😐",0.0,0.0
103,@NacionOlimpista @hugo_app Todo Olimpista que se llame Hugo ya la hizo. jaja,2021-09-14 20:00:35,1437868904974532609,FunesHade,Honduras,0,4,es,Twitter for iPhone, _app Todo Olimpista que se llame Hugo ya la hizo. jaja,0.0,0.0
104,@NacionOlimpista @CDOlimpia @hugo_app @carlospineda51 @carlosalexispr Se harán entrega de las camisetas del Olimpia via Hugo?? 🤔,2021-09-14 19:52:39,1437866908150341640,RonyAvilesc,Honduras,0,1,es,Twitter for Android,  _app   Se harán entrega de las camisetas del Olimpia via Hugo?? 🤔,0.0,0.0
105,"@NacionOlimpista @hugo_app Combina 😂😂😂 pense era la presentación de benguche blanco.

Para marketing tiene 0",2021-09-14 19:47:25,1437865589930872832,CabronErrante,"Boston, Massachusetts",0,1,es,Twitter for iPhone," _app Combina 😂😂😂 pense era la presentación de benguche blanco.

Para marketing tiene 0",0.0,0.0
106,"RT @CDOlimpia: ¡Bienvenido Hugo! 🤝@hugo_app

Esta mañana firmamos la alianza comercial con nuestro nuevo patrocinador Hugo en las instalaci…",2021-09-14 19:25:19,1437860029210800131,evans_hernandez,Honduras ,28,0,es,Twitter for iPhone,": ¡Bienvenido Hugo! 🤝_app

Esta mañana firmamos la alianza comercial con nuestro nuevo patrocinador Hugo en las instalaci…",0.0,0.0
107,"RT @CDOlimpia: ¡Bienvenido Hugo! 🤝@hugo_app

Esta mañana firmamos la alianza comercial con nuestro nuevo patrocinador Hugo en las instalaci…",2021-09-14 19:12:46,1437856868957921281,JulioCMoreno14,Spirit In The Sky,28,0,es,Twitter for Android,": ¡Bienvenido Hugo! 🤝_app

Esta mañana firmamos la alianza comercial con nuestro nuevo patrocinador Hugo en las instalaci…",0.0,0.0
108,RT @NacionOlimpista: ¡OLIMPIA FIRMA NUEVO PATROCINADOR! @hugo_app se convierte en el nuevo representante en nuestra camiseta. ¡Acompañará l…,2021-09-14 19:12:09,1437856712501911565,JulioCMoreno14,Spirit In The Sky,13,0,es,Twitter for Android,: ¡OLIMPIA FIRMA NUEVO PATROCINADOR! _app se convierte en el nuevo representante en nuestra camiseta. ¡Acompañará l…,0.0,0.0
109,"RT @CDOlimpia: ¡Bienvenido Hugo! 🤝@hugo_app

Esta mañana firmamos la alianza comercial con nuestro nuevo patrocinador Hugo en las instalaci…",2021-09-14 19:01:59,1437854158036639745,Rossell99230950,Afganistán ,28,0,es,Twitter for Android,": ¡Bienvenido Hugo! 🤝_app

Esta mañana firmamos la alianza comercial con nuestro nuevo patrocinador Hugo en las instalaci…",0.0,0.0
110,@NacionOlimpista @carlospineda51 @CDOlimpia @hugo_app @carlosalexispr Excelente. Muchas felicidades hermano @carlospineda51 a por todas!!!!,2021-09-14 18:54:29,1437852270134243329,GerajCHG,San Pedro Sula,0,1,es,Twitter for Android,   _app  Excelente. Muchas felicidades hermano  a por todas!!!!,0.0,0.0
111,RT @NacionOlimpista: ¡HOY TENEMOS NACIÓN OLIMPISTA RADIO! Abordaremos todos los detalles sobre la firma del contrato de patrocinio entre @C…,2021-09-14 18:53:03,1437851908199354374,carlospineda51,Honduras,1,0,es,Twitter for Android,: ¡HOY TENEMOS NACIÓN OLIMPISTA RADIO! Abordaremos todos los detalles sobre la firma del contrato de patrocinio entre …,0.0,0.0
112,"@daveDYmorel @Maximus2938 @CDOlimpia @hugo_app Pocos se quejan , veo muchos más likes",2021-09-14 18:49:50,1437851100216901632,mleonel1969,Honduras,0,0,es,Twitter for iPhone,"   _app Pocos se quejan , veo muchos más likes",0.0,0.0
113,"RT @CDOlimpia: ¡Bienvenido Hugo! 🤝@hugo_app

Esta mañana firmamos la alianza comercial con nuestro nuevo patrocinador Hugo en las instalaci…",2021-09-14 18:46:01,1437850139285196801,ocarloshn,"13.310061,-87.202091",28,0,es,Twitter for iPad,": ¡Bienvenido Hugo! 🤝_app

Esta mañana firmamos la alianza comercial con nuestro nuevo patrocinador Hugo en las instalaci…",0.0,0.0
114,"RT @CDOlimpia: ¡Bienvenido Hugo! 🤝@hugo_app

Esta mañana firmamos la alianza comercial con nuestro nuevo patrocinador Hugo en las instalaci…",2021-09-14 18:45:35,1437850026789597186,Dennis_Munoz13,,28,0,es,Twitter for Android,": ¡Bienvenido Hugo! 🤝_app

Esta mañana firmamos la alianza comercial con nuestro nuevo patrocinador Hugo en las instalaci…",0.0,0.0
115,"RT @CDOlimpia: ¡Bienvenido Hugo! 🤝@hugo_app

Esta mañana firmamos la alianza comercial con nuestro nuevo patrocinador Hugo en las instalaci…",2021-09-14 18:45:05,1437849901027762188,AnniethS,"San Pedro Sula, Honduras",28,0,es,Twitter for Android,": ¡Bienvenido Hugo! 🤝_app

Esta mañana firmamos la alianza comercial con nuestro nuevo patrocinador Hugo en las instalaci…",0.0,0.0
116,"RT @CDOlimpia: ¡Bienvenido Hugo! 🤝@hugo_app

Esta mañana firmamos la alianza comercial con nuestro nuevo patrocinador Hugo en las instalaci…",2021-09-14 18:42:18,1437849201145155591,calix_nokeira,,28,0,es,Twitter for iPhone,": ¡Bienvenido Hugo! 🤝_app

Esta mañana firmamos la alianza comercial con nuestro nuevo patrocinador Hugo en las instalaci…",0.0,0.0
117,@CDOlimpia @hugo_app PINTO HUGO,2021-09-14 18:40:54,1437848850883088390,laloturcios,,0,0,es,Twitter for iPhone, _app PINTO HUGO,0.0,0.0
118,"RT @CDOlimpia: ¡Bienvenido Hugo! 🤝@hugo_app

Esta mañana firmamos la alianza comercial con nuestro nuevo patrocinador Hugo en las instalaci…",2021-09-14 18:39:44,1437848558015848453,mayellyponce,"Tegucigalpa, Honduras",28,0,es,Twitter for Android,": ¡Bienvenido Hugo! 🤝_app

Esta mañana firmamos la alianza comercial con nuestro nuevo patrocinador Hugo en las instalaci…",0.0,0.0
119,"RT @CDOlimpia: ¡Bienvenido Hugo! 🤝@hugo_app

Esta mañana firmamos la alianza comercial con nuestro nuevo patrocinador Hugo en las instalaci…",2021-09-14 18:35:33,1437847504792457221,Andrea_FuentesB,HONDURAS,28,0,es,Twitter for iPhone,": ¡Bienvenido Hugo! 🤝_app

Esta mañana firmamos la alianza comercial con nuestro nuevo patrocinador Hugo en las instalaci…",0.0,0.0
120,"RT @CDOlimpia: ¡Bienvenido Hugo! 🤝@hugo_app

Esta mañana firmamos la alianza comercial con nuestro nuevo patrocinador Hugo en las instalaci…",2021-09-14 18:35:04,1437847383522615304,beduinopalma,Honduras ,28,0,es,Twitter for Android,": ¡Bienvenido Hugo! 🤝_app

Esta mañana firmamos la alianza comercial con nuestro nuevo patrocinador Hugo en las instalaci…",0.0,0.0
121,@CDOlimpia @hugo_app Pedidos Ya es el papá de todos ahorita 🤭,2021-09-14 18:31:19,1437846438206189574,carloscalix6399,,0,4,es,Twitter for Android, _app Pedidos Ya es el papá de todos ahorita 🤭,0.0,0.0
122,"RT @CDOlimpia: ¡Bienvenido Hugo! 🤝@hugo_app

Esta mañana firmamos la alianza comercial con nuestro nuevo patrocinador Hugo en las instalaci…",2021-09-14 18:31:08,1437846393624973316,MartinM38781822,Milan ,28,0,es,Twitter for iPhone,": ¡Bienvenido Hugo! 🤝_app

Esta mañana firmamos la alianza comercial con nuestro nuevo patrocinador Hugo en las instalaci…",0.0,0.0
123,"RT @CDOlimpia: ¡Bienvenido Hugo! 🤝@hugo_app

Esta mañana firmamos la alianza comercial con nuestro nuevo patrocinador Hugo en las instalaci…",2021-09-14 18:30:24,1437846207850811395,mundoalbo1912,Honduras,28,0,es,Twitter for Android,": ¡Bienvenido Hugo! 🤝_app

Esta mañana firmamos la alianza comercial con nuestro nuevo patrocinador Hugo en las instalaci…",0.0,0.0
124,"RT @sergiojtrejo: @NacionOlimpista @CDOlimpia @hugo_app @carlospineda51 @carlosalexispr Me gusta esa oración la previa al clasico, porque d…",2021-09-14 18:29:50,1437846067182198790,sergiojtrejo,"Fresh Meadows, NY, queens",1,0,es,Twitter for iPhone,":   _app   Me gusta esa oración la previa al clasico, porque d…",0.0,0.0
125,"@Maximus2938 @CDOlimpia @hugo_app ??? Se quejan demasiado de las redes del club sinceramente, las fotos tienen que ser seleccionadas y editas. No se van a subir desde un celular y recién tomadas tampoco.",2021-09-14 18:29:48,1437846055400480771,daveDYmorel,"Tegucigalpa, Honduras",0,7,es,Twitter for Android,"  _app ??? Se quejan demasiado de las redes del club sinceramente, las fotos tienen que ser seleccionadas y editas. No se van a subir desde un celular y recién tomadas tampoco.",0.0,0.0
126,"@NacionOlimpista @CDOlimpia @hugo_app @carlospineda51 @carlosalexispr Me gusta esa oración la previa al clasico, porque decir clasico nacional contra un equipo q en su historia tienen nada o muy poco es mucho regalo llamarle clasico nacional eso quedo en los años 70’",2021-09-14 18:29:34,1437845999351967749,sergiojtrejo,"Fresh Meadows, NY, queens",1,1,es,Twitter for iPhone,"  _app   Me gusta esa oración la previa al clasico, porque decir clasico nacional contra un equipo q en su historia tienen nada o muy poco es mucho regalo llamarle clasico nacional eso quedo en los años 70’",0.0,0.0
127,@Maximus2938 @CDOlimpia @hugo_app Tarde? Y esq due el año pasado? Jajajaja,2021-09-14 18:25:20,1437844933600325632,CristobalJF10,Honduras,0,0,es,Twitter for Android,  _app Tarde? Y esq due el año pasado? Jajajaja,0.375,-0.125
128,"@Maximus2938 @NacionOlimpista @hugo_app @CDOlimpia Tw solo sirve para dar anuncios oficiales de parte de las empresas.
Cuando se estudia un poco el manejo de cada red se entiende mejor como funciona el asunto.",2021-09-14 18:22:39,1437844257348505601,luismancia1981,,0,0,es,Twitter for Android,"  _app  Tw solo sirve para dar anuncios oficiales de parte de las empresas.
Cuando se estudia un poco el manejo de cada red se entiende mejor como funciona el asunto.",0.0,0.0
129,"@NacionOlimpista @hugo_app Y si el Jugador se llama Hugo, siempre llevará la publicidad??? 🤔🤣",2021-09-14 18:22:02,1437844102033330187,RonyAvilesc,Honduras,0,0,es,Twitter for Android," _app Y si el Jugador se llama Hugo, siempre llevará la publicidad??? 🤔🤣",0.0,0.0
130,"RT @CDOlimpia: ¡Bienvenido Hugo! 🤝@hugo_app

Esta mañana firmamos la alianza comercial con nuestro nuevo patrocinador Hugo en las instalaci…",2021-09-14 18:19:05,1437843359553499136,IVS_Pte,Tegucigalpa M.D.C.,28,0,es,Twitter for Android,": ¡Bienvenido Hugo! 🤝_app

Esta mañana firmamos la alianza comercial con nuestro nuevo patrocinador Hugo en las instalaci…",0.0,0.0
131,"RT @CDOlimpia: ¡Bienvenido Hugo! 🤝@hugo_app

Esta mañana firmamos la alianza comercial con nuestro nuevo patrocinador Hugo en las instalaci…",2021-09-14 18:17:15,1437842897739595778,JMOlimpia,,28,0,es,Twitter for iPhone,": ¡Bienvenido Hugo! 🤝_app

Esta mañana firmamos la alianza comercial con nuestro nuevo patrocinador Hugo en las instalaci…",0.0,0.0
132,"RT @CDOlimpia: ¡Bienvenido Hugo! 🤝@hugo_app

Esta mañana firmamos la alianza comercial con nuestro nuevo patrocinador Hugo en las instalaci…",2021-09-14 18:16:48,1437842784539512837,EdwinMe88,"San Pedro Sula,Honduras C.A  ",28,0,es,Twitter for Android,": ¡Bienvenido Hugo! 🤝_app

Esta mañana firmamos la alianza comercial con nuestro nuevo patrocinador Hugo en las instalaci…",0.0,0.0
133,"RT @CDOlimpia: ¡Bienvenido Hugo! 🤝@hugo_app

Esta mañana firmamos la alianza comercial con nuestro nuevo patrocinador Hugo en las instalaci…",2021-09-14 18:15:51,1437842546277892105,maldonadocz_21,,28,0,es,Twitter for iPhone,": ¡Bienvenido Hugo! 🤝_app

Esta mañana firmamos la alianza comercial con nuestro nuevo patrocinador Hugo en las instalaci…",0.0,0.0
134,"RT @CDOlimpia: ¡Bienvenido Hugo! 🤝@hugo_app

Esta mañana firmamos la alianza comercial con nuestro nuevo patrocinador Hugo en las instalaci…",2021-09-14 18:15:23,1437842429936287749,destephen_j,Sol Sur,28,0,es,Twitter for Android,": ¡Bienvenido Hugo! 🤝_app

Esta mañana firmamos la alianza comercial con nuestro nuevo patrocinador Hugo en las instalaci…",0.0,0.0
135,"RT @CDOlimpia: ¡Bienvenido Hugo! 🤝@hugo_app

Esta mañana firmamos la alianza comercial con nuestro nuevo patrocinador Hugo en las instalaci…",2021-09-14 18:15:08,1437842364870049798,teguzcholu,,28,0,es,Twitter for Android,": ¡Bienvenido Hugo! 🤝_app

Esta mañana firmamos la alianza comercial con nuestro nuevo patrocinador Hugo en las instalaci…",0.0,0.0
136,"@luismancia1981 @NacionOlimpista @hugo_app @CDOlimpia Estamos hablando de Twitter, aya ellos con las demás redes",2021-09-14 18:13:46,1437842023931863051,Maximus2938,Honduras,0,0,es,Twitter for Android,"  _app  Estamos hablando de Twitter, aya ellos con las demás redes",0.0,0.0
137,"RT @CDOlimpia: ¡Bienvenido Hugo! 🤝@hugo_app

Esta mañana firmamos la alianza comercial con nuestro nuevo patrocinador Hugo en las instalaci…",2021-09-14 18:12:37,1437841731375046662,mmvilleda,,28,0,es,Twitter for iPhone,": ¡Bienvenido Hugo! 🤝_app

Esta mañana firmamos la alianza comercial con nuestro nuevo patrocinador Hugo en las instalaci…",0.0,0.0
138,"@CDOlimpia @hugo_app Excelente, entre más patrocinio más probabilidades de buenos fichajes y mejoras a los inmuebles del equipo.",2021-09-14 18:12:11,1437841621815595019,geframa,Honduras,0,3,es,Twitter for Android," _app Excelente, entre más patrocinio más probabilidades de buenos fichajes y mejoras a los inmuebles del equipo.",0.0,0.0
139,"RT @CDOlimpia: ¡Bienvenido Hugo! 🤝@hugo_app

Esta mañana firmamos la alianza comercial con nuestro nuevo patrocinador Hugo en las instalaci…",2021-09-14 18:10:02,1437841081526325249,casco_hector,,28,0,es,Twitter for iPhone,": ¡Bienvenido Hugo! 🤝_app

Esta mañana firmamos la alianza comercial con nuestro nuevo patrocinador Hugo en las instalaci…",0.0,0.0
140,"¡Bienvenido Hugo! 🤝@hugo_app

Esta mañana firmamos la alianza comercial con nuestro nuevo patrocinador Hugo en las instalaciones del Centro de Alto Rendimiento José Rafael Ferrari.

#EntreGigantesNosEntendemos https://t.co/OcbcNLWiNd",2021-09-14 18:08:39,1437840733151576065,CDOlimpia,"Tegucigalpa,Honduras",28,329,es,TweetDeck,"¡Bienvenido Hugo! 🤝_app

Esta mañana firmamos la alianza comercial con nuestro nuevo patrocinador Hugo en las instalaciones del Centro de Alto Rendimiento José Rafael Ferrari.

EntreGigantesNosEntendemos ",0.0,0.0
141,¡HOY TENEMOS NACIÓN OLIMPISTA RADIO! Abordaremos todos los detalles sobre la firma del contrato de patrocinio entre @CDOlimpia y @hugo_app | la previa del clásico ante los verdolagas y mucho más. ¡En cabina por primera vez @carlospineda51 junto a nuestro director @carlosalexispr! https://t.co/jKXlDgoB6K,2021-09-14 18:04:30,1437839687843041287,NacionOlimpista,Honduras,1,43,es,Twitter for iPhone,¡HOY TENEMOS NACIÓN OLIMPISTA RADIO! Abordaremos todos los detalles sobre la firma del contrato de patrocinio entre  y _app | la previa del clásico ante los verdolagas y mucho más. ¡En cabina por primera vez  junto a nuestro director ! ,0.0,0.0
142,RT @NacionOlimpista: ¡OLIMPIA FIRMA NUEVO PATROCINADOR! @hugo_app se convierte en el nuevo representante en nuestra camiseta. ¡Acompañará l…,2021-09-14 17:55:20,1437837380963258376,Hondurasimport1,Wilmington NC,13,0,es,Twitter for Android,: ¡OLIMPIA FIRMA NUEVO PATROCINADOR! _app se convierte en el nuevo representante en nuestra camiseta. ¡Acompañará l…,0.0,0.0
143,@anibalmedrano1 @hugo_app Únanse @hugo_app y @bancatlan,2021-09-14 17:54:40,1437837217263665157,Rossell99230950,Afganistán ,0,1,es,Twitter for Android, _app Únanse _app y ,0.0,0.0
144,Desde ya siguiendo a @hugo_app. 👀,2021-09-14 17:53:29,1437836915475156992,NormanAyllon14,"Tegucigalpa, Honduras. 🇭🇳",0,3,es,Twitter for Android,Desde ya siguiendo a _app. 👀,0.0,0.0
145,@_Keko__ @NacionOlimpista @hugo_app @CDOlimpia Hay que seguir las redes. https://t.co/ps2hctuKkG,2021-09-14 17:50:07,1437836068523491332,luismancia1981,,0,3,es,Twitter for Android,@_Keko__  _app  Hay que seguir las redes. ,0.0,0.0
146,Hola @hugo_app ¿podemos hacerles el pedido de un estadio para el Olimpia?😁🤞🏼 https://t.co/TIITJNCA1H,2021-09-14 17:50:03,1437836053017153542,anibalmedrano1,"Nacaome, Valle. Honduras.",3,18,es,Twitter for Android,Hola _app ¿podemos hacerles el pedido de un estadio para el Olimpia?😁🤞🏼 ,0.0,0.0
147,"@Maximus2938 @NacionOlimpista @hugo_app @CDOlimpia Papaito,no sigue las redes del Club usted. https://t.co/ZmA27848mj",2021-09-14 17:49:43,1437835970829766664,luismancia1981,,0,3,es,Twitter for Android,"  _app  Papaito,no sigue las redes del Club usted. ",0.0,0.0
148,"RT @Maximus2938: @NacionOlimpista @hugo_app Nación Olimpista  2
CM @CDOlimpia   0",2021-09-14 17:35:32,1437832400453652483,NormanAyllon14,"Tegucigalpa, Honduras. 🇭🇳",2,0,es,Twitter for Android,":  _app Nación Olimpista  2
CM    0",0.0,0.0
149,RT @NacionOlimpista: ¡OLIMPIA FIRMA NUEVO PATROCINADOR! @hugo_app se convierte en el nuevo representante en nuestra camiseta. ¡Acompañará l…,2021-09-14 17:35:28,1437832384121118721,NormanAyllon14,"Tegucigalpa, Honduras. 🇭🇳",13,0,es,Twitter for Android,: ¡OLIMPIA FIRMA NUEVO PATROCINADOR! _app se convierte en el nuevo representante en nuestra camiseta. ¡Acompañará l…,0.0,0.0
150,@Maximus2938 @NacionOlimpista @hugo_app @CDOlimpia Los esta barriendo,2021-09-14 17:34:10,1437832054243315721,jcramosmo,en la luna ,0,1,es,Twitter for Android,  _app  Los esta barriendo,0.0,0.0
151,"@jcramosmo @NacionOlimpista @hugo_app @CDOlimpia Y solo esta semana, no digamos más antes 😂🥊CM🤕",2021-09-14 17:31:33,1437831399071961089,Maximus2938,Honduras,0,1,es,Twitter for Android,"  _app  Y solo esta semana, no digamos más antes 😂🥊CM🤕",0.0,0.0
152,@NacionOlimpista @hugo_app Llevan 3 a 0 al CM de @CDOlimpia .. Vamos Nación. 🙊😂,2021-09-14 17:27:48,1437830453310984200,_Keko__,El Hades,0,1,es,Twitter for Android, _app Llevan 3 a 0 al CM de  .. Vamos Nación. 🙊😂,0.0,0.0
153,RT @NacionOlimpista: ¡OLIMPIA FIRMA NUEVO PATROCINADOR! @hugo_app se convierte en el nuevo representante en nuestra camiseta. ¡Acompañará l…,2021-09-14 17:27:06,1437830276328079376,DennisFernnde10,Barrio La Leona Honduras ,13,0,es,Twitter for Android,: ¡OLIMPIA FIRMA NUEVO PATROCINADOR! _app se convierte en el nuevo representante en nuestra camiseta. ¡Acompañará l…,0.0,0.0
154,@hugo_app puedo pedir desde la aplicación que me desbloquee Olimpia(?),2021-09-14 17:18:08,1437828022850174980,Adrian_G95,"Tegucigalpa,honduras",0,0,es,Twitter for Android,_app puedo pedir desde la aplicación que me desbloquee Olimpia(?),0.0,0.0
155,@hugo_app del lado correcto. 🇳🇱🦁 https://t.co/UslVWmPUSi,2021-09-14 17:17:54,1437827964448780297,destephen_j,Sol Sur,0,2,es,Twitter for Android,_app del lado correcto. 🇳🇱🦁 ,0.0,0.0
156,RT @NacionOlimpista: ¡OLIMPIA FIRMA NUEVO PATROCINADOR! @hugo_app se convierte en el nuevo representante en nuestra camiseta. ¡Acompañará l…,2021-09-14 17:16:31,1437827613364559876,xavierHdz1912,Honduras,13,0,es,Twitter for Android,: ¡OLIMPIA FIRMA NUEVO PATROCINADOR! _app se convierte en el nuevo representante en nuestra camiseta. ¡Acompañará l…,0.0,0.0
157,@NacionOlimpista @hugo_app Imagínate un repartidor de Hugo en España entregándole la camisa a Luis Suárez,2021-09-14 17:16:23,1437827580229455874,daordonez1987,Estados Unidos,0,5,es,Twitter for Android, _app Imagínate un repartidor de Hugo en España entregándole la camisa a Luis Suárez,0.0,0.0
158,@owendidier Jajajaja a Soporte Tecnico de @hugo_app,2021-09-14 17:15:23,1437827329062064135,Danger_Format,,0,1,es,Twitter for Android, Jajajaja a Soporte Tecnico de _app,0.0,0.0
159,RT @NacionOlimpista: ¡OLIMPIA FIRMA NUEVO PATROCINADOR! @hugo_app se convierte en el nuevo representante en nuestra camiseta. ¡Acompañará l…,2021-09-14 17:14:19,1437827060018389002,Dennis_Munoz13,,13,0,es,Twitter for Android,: ¡OLIMPIA FIRMA NUEVO PATROCINADOR! _app se convierte en el nuevo representante en nuestra camiseta. ¡Acompañará l…,0.0,0.0
160,RT @NacionOlimpista: ¡OLIMPIA FIRMA NUEVO PATROCINADOR! @hugo_app se convierte en el nuevo representante en nuestra camiseta. ¡Acompañará l…,2021-09-14 17:12:47,1437826675220307984,hugo_app,Centroamérica y El Caribe,13,0,es,Twitter for iPhone,: ¡OLIMPIA FIRMA NUEVO PATROCINADOR! _app se convierte en el nuevo representante en nuestra camiseta. ¡Acompañará l…,0.0,0.0
161,RT @NacionOlimpista: ¡OLIMPIA FIRMA NUEVO PATROCINADOR! @hugo_app se convierte en el nuevo representante en nuestra camiseta. ¡Acompañará l…,2021-09-14 17:12:15,1437826542030229510,imcaceres5,"San Pedro Sula, Honduras",13,0,es,Twitter for Android,: ¡OLIMPIA FIRMA NUEVO PATROCINADOR! _app se convierte en el nuevo representante en nuestra camiseta. ¡Acompañará l…,0.0,0.0
162,@NacionOlimpista @hugo_app Debí comprar la camisa antes de ese parche jejejee,2021-09-14 17:11:59,1437826474187403266,Davisin90712124,,0,2,es,Twitter for Android, _app Debí comprar la camisa antes de ese parche jejejee,0.0,0.0
163,RT @NacionOlimpista: ¡OLIMPIA FIRMA NUEVO PATROCINADOR! @hugo_app se convierte en el nuevo representante en nuestra camiseta. ¡Acompañará l…,2021-09-14 17:11:53,1437826450237923339,IssaSauceda24,HONDURAS,13,0,es,Twitter for Android,: ¡OLIMPIA FIRMA NUEVO PATROCINADOR! _app se convierte en el nuevo representante en nuestra camiseta. ¡Acompañará l…,0.0,0.0
164,"RT @Maximus2938: @NacionOlimpista @hugo_app Nación Olimpista  2
CM @CDOlimpia   0",2021-09-14 17:11:53,1437826448291676169,cherrygemsgigi,Honduras,2,0,es,Twitter for Android,":  _app Nación Olimpista  2
CM    0",0.0,0.0
165,RT @NacionOlimpista: ¡OLIMPIA FIRMA NUEVO PATROCINADOR! @hugo_app se convierte en el nuevo representante en nuestra camiseta. ¡Acompañará l…,2021-09-14 17:11:47,1437826424023420932,cherrygemsgigi,Honduras,13,0,es,Twitter for Android,: ¡OLIMPIA FIRMA NUEVO PATROCINADOR! _app se convierte en el nuevo representante en nuestra camiseta. ¡Acompañará l…,0.0,0.0
166,"@NacionOlimpista @hugo_app Nación Olimpista  2
CM @CDOlimpia   0",2021-09-14 17:10:58,1437826219865780226,Maximus2938,Honduras,2,22,es,Twitter for Android," _app Nación Olimpista  2
CM    0",0.0,0.0
167,Al menos denme crédito ey 🤣 @hugo_app https://t.co/4dTToffgI7 https://t.co/otaZBjcyRI,2021-09-14 17:10:14,1437826032074215437,ESolis24,El Salvador,0,14,es,Twitter for iPhone,Al menos denme crédito ey 🤣 _app  ,0.0,0.0
168,RT @NacionOlimpista: ¡OLIMPIA FIRMA NUEVO PATROCINADOR! @hugo_app se convierte en el nuevo representante en nuestra camiseta. ¡Acompañará l…,2021-09-14 17:09:33,1437825861403750402,Adrian_G95,"Tegucigalpa,honduras",13,0,es,Twitter for Android,: ¡OLIMPIA FIRMA NUEVO PATROCINADOR! _app se convierte en el nuevo representante en nuestra camiseta. ¡Acompañará l…,0.0,0.0
169,RT @NacionOlimpista: ¡OLIMPIA FIRMA NUEVO PATROCINADOR! @hugo_app se convierte en el nuevo representante en nuestra camiseta. ¡Acompañará l…,2021-09-14 17:09:18,1437825799529406468,Maximus2938,Honduras,13,0,es,Twitter for Android,: ¡OLIMPIA FIRMA NUEVO PATROCINADOR! _app se convierte en el nuevo representante en nuestra camiseta. ¡Acompañará l…,0.0,0.0
170,¡OLIMPIA FIRMA NUEVO PATROCINADOR! @hugo_app se convierte en el nuevo representante en nuestra camiseta. ¡Acompañará la parte baja del dorsal de nuestros jugadores! https://t.co/Nj1WSylVom,2021-09-14 17:08:57,1437825709200846849,NacionOlimpista,Honduras,13,158,es,Twitter for iPhone,¡OLIMPIA FIRMA NUEVO PATROCINADOR! _app se convierte en el nuevo representante en nuestra camiseta. ¡Acompañará la parte baja del dorsal de nuestros jugadores! ,0.0,0.0
171,@cc_guzman @hugo_app ayuda,2021-09-14 03:57:46,1437626601160822791,ChelitaCoffee,El Salvador,0,1,es,Twitter for Android,_guzman _app ayuda,0.0,0.0
172,En mi vida vuelvo a pedir por @hugo_app 🙅🏻‍♀️,2021-09-14 01:15:54,1437585868097835013,Marce_Sante,,0,1,es,Twitter for iPhone,En mi vida vuelvo a pedir por _app 🙅🏻‍♀️,0.0,0.0
173,A este cliente le va de sorpresa una mochila y un kit de bocinas de LUJO por la compra de su monitor Huawei por @hugo_app 👌😁 https://t.co/in9sPxiVJ5,2021-09-13 23:03:30,1437552546088882181,TechloverStore,,0,9,es,Twitter for Android,A este cliente le va de sorpresa una mochila y un kit de bocinas de LUJO por la compra de su monitor Huawei por _app 👌😁 ,0.0,0.0
174,En el mundo existen porquerías y luego está el servicio al cliente de @hugo_app. De verdad que me he quedado con ganas de ir @ProConsumidorRD @MIC_RD,2021-09-13 21:48:55,1437533778952458244,daurynova,"Santiago, República Dominicana",0,0,es,Twitter Web App,En el mundo existen porquerías y luego está el servicio al cliente de _app. De verdad que me he quedado con ganas de ir  _RD,0.0,0.0
175,RT @TechloverStore: En la #SmartWeek de @HuaweiLatam tenemos envío gratis al ordenar por @hugo_app y descuentos únicos 😁💕 https://t.co/WgzF…,2021-09-13 19:04:12,1437492327266885633,CarolMonroe,El Salvador,1,0,es,Twitter for Android,: En la SmartWeek de  tenemos envío gratis al ordenar por _app y descuentos únicos 😁💕 ,0.0,0.0
176,En la #SmartWeek de @HuaweiLatam tenemos envío gratis al ordenar por @hugo_app y descuentos únicos 😁💕 https://t.co/WgzF3JlGqm,2021-09-13 19:02:55,1437492003080744965,TechloverStore,,1,4,es,Twitter for Android,En la SmartWeek de  tenemos envío gratis al ordenar por _app y descuentos únicos 😁💕 ,0.0,0.0
177,"@Defensoria_910 @hugo_app Gracias... como arte de magia, ya están viendo mi caso nuevamente.",2021-09-13 18:09:18,1437478508234743813,cavelm,El Salvador,0,0,es,Twitter Web App,"_910 _app Gracias... como arte de magia, ya están viendo mi caso nuevamente.",0.0,0.0
178,@hugo_app @nohecastaneda Así sufrimos nosotros también cómo comercios de emprendedores 😔,2021-09-13 17:27:41,1437468037821644801,MinutasLM,"Santa Tecla, El Salvador",0,0,es,Twitter for Android,_app  Así sufrimos nosotros también cómo comercios de emprendedores 😔,0.0,0.0
179,@ReneDorathSV @hugo_app @LaSelecta_SLV @Defensoria_910 Yo llevo mas de un mes esperando reembolso por un doble cargo que me hicieron 😠,2021-09-13 17:18:23,1437465697802653706,a_alfa7,,0,0,es,Twitter for Android, _app _SLV _910 Yo llevo mas de un mes esperando reembolso por un doble cargo que me hicieron 😠,0.0,0.0
180,Como para cuando me harán el reembolso que llevo esperando por mas de un mes señores de @hugo_app???,2021-09-13 16:57:23,1437460411587207173,a_alfa7,,0,1,es,Twitter for Android,Como para cuando me harán el reembolso que llevo esperando por mas de un mes señores de _app???,0.0,0.0
181,"@cavelm @hugo_app Si el proveedor no brindó solución aceptable a su reclamo, ingrese su reclamo acá: 👉 https://t.co/REp4lLTY0g    

Contáctenos: WhatsApp 7860-9704 o Teléfono 910.",2021-09-13 16:46:31,1437457675378429955,Defensoria_910,"El Salvador, América Central",0,0,es,Twitter Web App," _app Si el proveedor no brindó solución aceptable a su reclamo, ingrese su reclamo acá: 👉     

Contáctenos: WhatsApp 7860-9704 o Teléfono 910.",0.0,0.0
182,LADRONES @hugo_app,2021-09-13 16:22:37,1437451663804096513,oscarflores8_,Latinoamérica,0,1,es,Twitter for iPhone,LADRONES _app,0.0,0.0
183,@hugo_app Son unos sinvergüenzas!!! tengo mas de un mes esperando que me hagan una devolución que ustedes mismos confirmaron tomaría máx. 15 días hábiles. Nadie me da una respuesta!! Tengo acaso que escalar mi problema a la @Defensoria_910 ???,2021-09-13 14:34:27,1437424439495376903,cavelm,El Salvador,0,0,es,Twitter Web App,_app Son unos sinvergüenzas!!! tengo mas de un mes esperando que me hagan una devolución que ustedes mismos confirmaron tomaría máx. 15 días hábiles. Nadie me da una respuesta!! Tengo acaso que escalar mi problema a la _910 ???,0.0,0.0
184,"@nohecastaneda @hugo_app Lastimosamente perdió su enfoque Hugo bajando filtros de calidad en entregas o escenarios cuando los pedidos llegan incompletos, y se lavan dando un Delivery Free por el 99% de los problemas como que eso es suficiente.",2021-09-13 01:23:49,1437225472346185729,jonathansalba,"San Salvador, El Salvador",0,0,es,Twitter for iPhone," _app Lastimosamente perdió su enfoque Hugo bajando filtros de calidad en entregas o escenarios cuando los pedidos llegan incompletos, y se lavan dando un Delivery Free por el 99% de los problemas como que eso es suficiente.",0.8,0.4
185,@hugo_app Felicidades hoy espere 3 horas por mi comida de @Laurel y  lo que recibí fue la comida de @MunirDauhajre la cual devolví y como premio @hugo_app me compensó devolviéndome mi pago y RD$ 95 como compensación.,2021-09-12 22:56:23,1437188367830208513,fmdiazp,,0,1,es,Twitter for iPhone,_app Felicidades hoy espere 3 horas por mi comida de  y  lo que recibí fue la comida de  la cual devolví y como premio _app me compensó devolviéndome mi pago y RD$ 95 como compensación.,0.0,0.0
186,Hoy es la última vez que trato de pedir algo por @hugo_app... les recomiendo que hagan lo mismo,2021-09-12 21:41:18,1437169471802810371,nohecastaneda,"San Salvador, El Salvador",0,3,es,Twitter for Android,Hoy es la última vez que trato de pedir algo por _app... les recomiendo que hagan lo mismo,0.0,0.0
187,"RT @PanchoOlivares: No usen @hugo_app!! Aplicación basura! Falsas expectativas! 
Terrible servicio!

Empezaremos a buscar opciones con #Ube…",2021-09-12 03:51:46,1436900315006128130,KaritOlivaresF, Stairway to Heaven,2,0,es,Twitter for iPhone,": No usen _app!! Aplicación basura! Falsas expectativas! 
Terrible servicio!

Empezaremos a buscar opciones con Ube…",1.0,-1.0
188,"No usen @hugo_app!! Aplicación basura! Falsas expectativas! 
Terrible servicio!

Empezaremos a buscar opciones con #UberEats o @pedidosya!!",2021-09-12 01:52:54,1436870401511104513,PanchoOlivares,"San José, Costa Rica",2,4,es,Twitter for Android,"No usen _app!! Aplicación basura! Falsas expectativas! 
Terrible servicio!

Empezaremos a buscar opciones con UberEats o !!",1.0,-1.0
189,"@detuitentuit @hugo_app Buenas tardes

En primer lugar, queremos pedirte disculpas por este inconveniente 

Nos pudieras compartir por DM un # de teléfono y # de orden de hugo app por favor para darle mejor seguimiento

Att
La familia BW",2021-09-11 17:13:18,1436739643278516227,BWelsalvador,El Salvador,0,0,es,Twitter for iPhone," _app Buenas tardes

En primer lugar, queremos pedirte disculpas por este inconveniente 

Nos pudieras compartir por DM un  de teléfono y  de orden de hugo app por favor para darle mejor seguimiento

Att
La familia BW",0.0,0.0
190,RT @William_Torres6: Ya se acerca el partido de El Salvador contra México y yo sigo esperando deluvion por entradas del partido contra Esta…,2021-09-11 16:36:41,1436730425112678401,jored97,El Salvador,1,0,es,Twitter for Android,_Torres6: Ya se acerca el partido de El Salvador contra México y yo sigo esperando deluvion por entradas del partido contra Esta…,0.0,0.0
191,El envío de las donas en @hugo_app me sale más caro que las propias donas. 😂,2021-09-11 15:30:34,1436713786996629512,Rivjosh,El Salvador,0,0,es,Twitter for Android,El envío de las donas en _app me sale más caro que las propias donas. 😂,0.0,0.0
