,Tweet Text,Tweet Datetime,Tweet Id,Twitter @ Name,Location Info,Retweets,Favorites,Language,Source
0,"No pares, sigue sigue 🎶

Seguimos haciendo sus envíos por @hugo_app.

Abiertos hasta las 09:00 P.M. 🤩 https://t.co/udISgZvVuX",9/17/2021 2:35,1.44E+18,TechloverStore,,0,4,es,Twitter for Android
1,"@hugo_app como siempre de irresponsables, el banco solicita una carta por el proceso de devolución por el pedido que ustedes me cobraron y no enviaron.
Y hasta terminaron bloqueandome. Nunca enviaron nada. @Defensoria_910 como pueden trabajar este tipo de empresas IRRESPONSABLES https://t.co/Vwh4u4bmYo",9/16/2021 17:42,1.44E+18,Lilypop___,"San Salvador, El Salvador",0,0,es,Twitter for iPhone
2,"@hn_carlos @R_Villeda @hugo_app Lo q te quiero decir es q Olimpia con los Villeda, Ferrari etc NO NECESITA MANCHAR LA CAMISA con tanta publicidad es mi forma de ver, podrian hacer acuerdos comerciales de otra forma",9/16/2021 10:27,1.44E+18,17moises17,Honduras,0,0,es,Twitter for Android
3,"100 días. Increíble 

Ojalá PedidosYa les quite el negocio @hugo_app",9/16/2021 2:35,1.44E+18,oscarflores8_,Latinoamérica,0,1,es,Twitter for iPhone
4,"Llegué al punto de quitarles el permiso de notificaciones, si joden ustedes @hugo_app",9/15/2021 23:11,1.44E+18,JulioF_2012,Where Amazing Happens.,0,5,es,Twitter for iPhone
5,@kassmayorga @hugo_app Puras doñitas nosotros emocionados por compras del super jajaja,9/15/2021 22:19,1.44E+18,unguanacoentgu,Honduras,0,0,es,Twitter for Android
6,@unguanacoentgu @hugo_app Jajaja me encanta amigo🛒💜🛒💜,9/15/2021 22:13,1.44E+18,kassmayorga,Honduras,0,0,es,Twitter for iPhone
7,"@17moises17 @R_Villeda @hugo_app La camiseta como la del Atlas sí que lastima la identidad del club porque no tiene nada que ver con nuestros colores, igual fue cuando le pusieron la banda; muchos desaciertos.",9/15/2021 22:08,1.44E+18,hn_carlos,,0,0,es,Twitter Web App
8,@kassmayorga @hugo_app Ya pedí a Diprova y a la Colonia ya hice mi super jajaja,9/15/2021 22:04,1.44E+18,unguanacoentgu,Honduras,0,2,es,Twitter for Android
9,@kassmayorga @hugo_app Genial ya pido,9/15/2021 21:15,1.44E+18,unguanacoentgu,Honduras,0,0,es,Twitter for Android
10,@unguanacoentgu @hugo_app En toditos 🛒,9/15/2021 21:14,1.44E+18,kassmayorga,Honduras,0,1,es,Twitter for iPhone
11,@kassmayorga @hugo_app De que super? O de todos en la categoría super mercado,9/15/2021 21:14,1.44E+18,unguanacoentgu,Honduras,0,0,es,Twitter for Android
12,"Ey, hay 50% de descuento en sus compras arriba de L1,500 en la categoría de Supermercados en @hugo_app 🇭🇳💜 aprovechen que todavía pueden pedir! #consejosdedoñakass https://t.co/N0JuCA8wwf",9/15/2021 21:10,1.44E+18,kassmayorga,Honduras,0,2,es,Twitter for iPhone
13,"@hn_carlos @R_Villeda @hugo_app Supones mal, lo digo no por la empresa hugo sino por como cada vez mas esa camisa va pareciendo valla publicitaria Olimpia no necesita Mancharla si quiere patrocinadores q  lo hagan de otra forma",9/15/2021 21:03,1.44E+18,17moises17,Honduras,0,0,es,Twitter for Android
14,"@hugo_app para cuando tendrán integración para pagos con bitcoin? Bitrefill no es integración, eso es un servicio externo.",9/15/2021 20:41,1.44E+18,palvarezSV,Santa Rosa De Lima,0,0,es,Twitter for iPad
15,"@hugo_app Lo correcto es la primera SuperApp y no la primer SuperApp.

Corríjanlo.",9/15/2021 15:58,1.44E+18,hn_carlos,,0,0,es,Twitter Web App
16,"@17moises17 @R_Villeda Supongo que lo dices porque parece un nombre de persona. Creo que mejor debieron imprimirle @hugo_app 

Todavía podrían estar a tiempo. 

Hugo enmedio del círculo morado también, aunque quitaría bastante espacio si algún día quisieran ponerle más patrocinadores.

Buen día.",9/15/2021 15:55,1.44E+18,hn_carlos,,0,0,es,Twitter Web App
17,"RT @NacionOlimpista: En #NaciónOlimpistaRadio se dió a conocer los detalles de la firma del contrato entre @hugo_app y @CDOlimpia
 
1.🚴🏻‍♀️…",9/15/2021 15:24,1.44E+18,luracruz,,12,0,es,Twitter for Android
18,"Este 15 de septiembre queremos decirles que AMAMOS EL SALVADOR. Y que apoyamos lo local. 

Por eso nuestras plataformas principales son @hugo_app y @tuyoapp_. Plataformas hechas con amor en El Salvador. 🇸🇻",9/15/2021 15:14,1.44E+18,TechloverStore,,0,4,es,Twitter Web App
19,"RT @NacionOlimpista: ¡Hola @hugo_app! 👋🏼👋🏼Bienvenidos a la familia más grande de Honduras, bienvenidos a la #NaciónOlimpista. 🦁 https://t.c…",9/15/2021 6:50,1.44E+18,DennisFernnde10,Barrio La Leona Honduras ,13,0,es,Twitter for Android
20,"RT @CDOlimpia: ¡Bienvenido Hugo! 🤝@hugo_app

Esta mañana firmamos la alianza comercial con nuestro nuevo patrocinador Hugo en las instalaci…",9/15/2021 6:46,1.44E+18,DennisFernnde10,Barrio La Leona Honduras ,27,0,es,Twitter for Android
21,@CDOlimpia @hugo_app Que empresa ocupaba ese espacio en la camisa o estaba vacío el espacio?,9/15/2021 6:18,1.44E+18,Ivan_E17,,0,0,es,Twitter for iPhone
22,"RT @NacionOlimpista: En #NaciónOlimpistaRadio se dió a conocer los detalles de la firma del contrato entre @hugo_app y @CDOlimpia
 
1.🚴🏻‍♀️…",9/15/2021 6:12,1.44E+18,_CarlosJossue,Honduras,12,0,es,Twitter for iPhone
23,@FunesHade @NacionOlimpista @hugo_app @_leo10hd  tal vez así la compras,9/15/2021 5:23,1.44E+18,bnsho10,"Tegucigalpa, Honduras",0,0,es,Twitter for iPhone
24,@NacionOlimpista @hugo_app Mas vale ke no hay ningun jugador que c llame hugo xke seria problema jaja,9/15/2021 4:58,1.44E+18,marcosandino22,,0,0,es,Twitter for Android
25,"RT @NacionOlimpista: ¡Hola @hugo_app! 👋🏼👋🏼Bienvenidos a la familia más grande de Honduras, bienvenidos a la #NaciónOlimpista. 🦁 https://t.c…",9/15/2021 4:35,1.44E+18,Sixto_Aguero7,Honduras,13,0,es,Twitter for Android
26,"RT @NacionOlimpista: En #NaciónOlimpistaRadio se dió a conocer los detalles de la firma del contrato entre @hugo_app y @CDOlimpia
 
1.🚴🏻‍♀️…",9/15/2021 4:33,1.44E+18,Edwinatorres01,Tegucigalpa Honduras,12,0,es,Twitter for Android
27,"RT @NacionOlimpista: En #NaciónOlimpistaRadio se dió a conocer los detalles de la firma del contrato entre @hugo_app y @CDOlimpia
 
1.🚴🏻‍♀️…",9/15/2021 4:18,1.44E+18,aliskander81,,12,0,es,Twitter for iPhone
28,@hugo_app Por que en ingles?,9/15/2021 3:50,1.44E+18,gavelar22,El Salvador,0,1,es,Twitter for iPhone
29,"@R_Villeda @CDOlimpia @hugo_app Excelente fichaje, ayuda mucho un patrocinio en la pandemia que aún sigue, felicidades presi!",9/15/2021 3:34,1.44E+18,JulioCMoreno14,Spirit In The Sky,0,0,es,Twitter Web App
30,"RT @NacionOlimpista: En #NaciónOlimpistaRadio se dió a conocer los detalles de la firma del contrato entre @hugo_app y @CDOlimpia
 
1.🚴🏻‍♀️…",9/15/2021 2:39,1.44E+18,195Cesar,,12,0,es,Twitter for iPhone
31,¿Alguien sabe que le pasa a @hugo_app? Llevo más de 1 hora esperando una orden y soy el 150° en la fila en atención al cliente 😔,9/15/2021 2:38,1.44E+18,progre4life,"San Salvador, El Salvador. ",0,1,es,Twitter for Android
32,"RT @CDOlimpia: ¡Bienvenido Hugo! 🤝@hugo_app

Esta mañana firmamos la alianza comercial con nuestro nuevo patrocinador Hugo en las instalaci…",9/15/2021 2:15,1.44E+18,_Olimpistahn,Honduras ,27,0,es,Twitter for Android
33,"@hugo_app espero que por aqui me envian la carta que mi banco les solicito para que me reintegren los intereses de mi tarjeta, ya que me ha tocado ir a buscarlos a sus oficinas para ello. Acaso debo notificarle al banco que ustedes ni eso quieren hacer? @Defensoria_910",9/15/2021 1:27,1.44E+18,Lilypop___,"San Salvador, El Salvador",0,0,es,Twitter for iPhone
34,Estoy así 👌🏼 de borrar @hugo_app,9/15/2021 1:26,1.44E+18,TaniaMaguilar,,0,0,es,Twitter for iPhone
35,@NacionOlimpista @hugo_app @CDOlimpia Me pueden aclarar el punto 2 ? Ósea que ya no se venderían boletos por Tengo ? Para partidos de local ? 😅,9/15/2021 0:51,1.44E+18,AJLG10,Honduras ,0,1,es,Twitter for iPhone
36,RT @NacionOlimpista: ¡YA! ¡YA! Conocé todos los detalles de la firma entre @hugo_app y @CDOlimpia en #NaciónOlimpistaRadio totalmente en vi…,9/15/2021 0:50,1.44E+18,JulioCMoreno14,Spirit In The Sky,4,0,es,Twitter for Android
37,"RT @NacionOlimpista: En #NaciónOlimpistaRadio se dió a conocer los detalles de la firma del contrato entre @hugo_app y @CDOlimpia
 
1.🚴🏻‍♀️…",9/15/2021 0:50,1.44E+18,JulioCMoreno14,Spirit In The Sky,12,0,es,Twitter for Android
38,"RT @NacionOlimpista: En #NaciónOlimpistaRadio se dió a conocer los detalles de la firma del contrato entre @hugo_app y @CDOlimpia
 
1.🚴🏻‍♀️…",9/15/2021 0:27,1.44E+18,IssaSauceda24,HONDURAS,12,0,es,Twitter for Android
39,"RT @NacionOlimpista: ¡Hola @hugo_app! 👋🏼👋🏼Bienvenidos a la familia más grande de Honduras, bienvenidos a la #NaciónOlimpista. 🦁 https://t.c…",9/15/2021 0:17,1.44E+18,MIURAdalCuore,...Tegucigalpa ,13,0,es,Twitter for Android
40,"@oscarflores8_ @hugo_app páguenle a mi amigo, por favor @hugo_app",9/15/2021 0:05,1.44E+18,fabidicious,,0,1,es,Twitter for iPhone
41,"RT @NacionOlimpista: En #NaciónOlimpistaRadio se dió a conocer los detalles de la firma del contrato entre @hugo_app y @CDOlimpia
 
1.🚴🏻‍♀️…",9/14/2021 23:49,1.44E+18,evans_hernandez,Honduras ,12,0,es,Twitter for iPhone
42,99 días desde que me robaron @hugo_app 📆,9/14/2021 23:37,1.44E+18,oscarflores8_,Latinoamérica,0,0,es,Twitter for iPhone
43,"RT @NacionOlimpista: ¡Hola @hugo_app! 👋🏼👋🏼Bienvenidos a la familia más grande de Honduras, bienvenidos a la #NaciónOlimpista. 🦁 https://t.c…",9/14/2021 23:29,1.44E+18,calix_nokeira,,13,0,es,Twitter for iPhone
44,"RT @NacionOlimpista: En #NaciónOlimpistaRadio se dió a conocer los detalles de la firma del contrato entre @hugo_app y @CDOlimpia
 
1.🚴🏻‍♀️…",9/14/2021 23:28,1.44E+18,calix_nokeira,,12,0,es,Twitter for iPhone
45,"RT @NacionOlimpista: En #NaciónOlimpistaRadio se dió a conocer los detalles de la firma del contrato entre @hugo_app y @CDOlimpia
 
1.🚴🏻‍♀️…",9/14/2021 23:23,1.44E+18,Maximus2938,Honduras,12,0,es,Twitter for Android
46,"En #NaciónOlimpistaRadio se dió a conocer los detalles de la firma del contrato entre @hugo_app y @CDOlimpia
 
1.🚴🏻‍♀️👕 Podrás comprar la indumentaria del club a través de Hugo App. 
2.📲🎟 Venta de boletos tanto físicos como en línea con la App de Hugo. 
¡Se firmó por 2 años! https://t.co/bFLgHDNvDp",9/14/2021 23:23,1.44E+18,NacionOlimpista,Honduras,12,96,es,Twitter for iPhone
47,"@NacionOlimpista @CDOlimpia @hugo_app @carlospineda51 @carlosalexispr ""Que interesante"" ojo soy olimpista😒",9/14/2021 23:19,1.44E+18,JuanMej40471705,,0,0,es,Twitter for Android
48,RT @NacionOlimpista: ¡OLIMPIA FIRMA NUEVO PATROCINADOR! @hugo_app se convierte en el nuevo representante en nuestra camiseta. ¡Acompañará l…,9/14/2021 23:00,1.44E+18,Edwinatorres01,Tegucigalpa Honduras,13,0,es,Twitter for Android
49,RT @NacionOlimpista: ¡YA! ¡YA! Conocé todos los detalles de la firma entre @hugo_app y @CDOlimpia en #NaciónOlimpistaRadio totalmente en vi…,9/14/2021 22:57,1.44E+18,Edwinatorres01,Tegucigalpa Honduras,4,0,es,Twitter for Android
50,@NacionOlimpista @hugo_app Y que beneficio le aporta a la afición? @R_Villeda,9/14/2021 22:56,1.44E+18,enamoradoandr3s,Centroamérica,0,0,es,Twitter for Android
51,RT @anibalmedrano1: Hola @hugo_app ¿podemos hacerles el pedido de un estadio para el Olimpia?😁🤞🏼,9/14/2021 22:55,1.44E+18,velasquezmayron,Honduras,3,0,es,Twitter for Android
52,RT @R_Villeda: Muy contentos porque se ha sumado una marca líder en su área a nuestro querido @CDOlimpia Gracias amigos de @hugo_app por co…,9/14/2021 22:46,1.44E+18,rafas_paz,"San Pedro Sula, Honduras",7,0,es,Twitter for Android
53,RT @NacionOlimpista: ¡YA! ¡YA! Conocé todos los detalles de la firma entre @hugo_app y @CDOlimpia en #NaciónOlimpistaRadio totalmente en vi…,9/14/2021 22:41,1.44E+18,IssaSauceda24,HONDURAS,4,0,es,Twitter Web App
54,RT @NacionOlimpista: ¡YA! ¡YA! Conocé todos los detalles de la firma entre @hugo_app y @CDOlimpia en #NaciónOlimpistaRadio totalmente en vi…,9/14/2021 22:41,1.44E+18,CesarGodoy_,Honduras,4,0,es,Twitter for iPhone
55,"¡Gracias por tus comentarios! 

Recuerda que tienes envío gratis si compras a través de @hugo_app https://t.co/LZFkWCBLPz",9/14/2021 22:39,1.44E+18,TechloverStore,,0,0,es,Twitter Web App
56,¡YA! ¡YA! Conocé todos los detalles de la firma entre @hugo_app y @CDOlimpia en #NaciónOlimpistaRadio totalmente en vivo 🙌🏼  👉🏼👉🏼 https://t.co/bOo4BvZOCL,9/14/2021 22:38,1.44E+18,NacionOlimpista,Honduras,4,31,es,Twitter for iPhone
57,RT @anibalmedrano1: Hola @hugo_app ¿podemos hacerles el pedido de un estadio para el Olimpia?😁🤞🏼,9/14/2021 22:28,1.44E+18,Maximus2938,Honduras,3,0,es,Twitter for Android
58,RT @anibalmedrano1: Hola @hugo_app ¿podemos hacerles el pedido de un estadio para el Olimpia?😁🤞🏼,9/14/2021 22:26,1.44E+18,ChavaOlimpista,Tegucigalpa Honduras,3,0,es,Twitter for Android
59,"No veo a los de @hugo_app haciendo uso de este recurso en tendencia, les falta malicia, les falta atreverse-se-se salir del closet https://t.co/ynvkIwa7dE",9/14/2021 22:24,1.44E+18,sadytouch,"Tegucigalpa, Honduras",0,0,es,Twitter for Android
60,@geframa @CDOlimpia @hugo_app Más paquetes argentinos van a traer.,9/14/2021 22:07,1.44E+18,Elvinh123,Tegucigalpa-Honduras,0,0,es,Twitter for Android
61,"RT @TatoSaybe: Bienvenido @hugo_app a la gran familia de @CDOlimpia , sin duda lograremos grandes cosas juntos. 

#EntreGigantesNosEntedemos",9/14/2021 22:01,1.44E+18,Hondurasimport1,Wilmington NC,1,0,es,Twitter for Android
62,"RT @CDOlimpia: ¡Bienvenido Hugo! 🤝@hugo_app

Esta mañana firmamos la alianza comercial con nuestro nuevo patrocinador Hugo en las instalaci…",9/14/2021 21:57,1.44E+18,OlivaJosue1,Honduras,27,0,es,Twitter for Android
63,RT @Nangara_31: @AlanBIL1 @R_Villeda @339_850425 @CDOlimpia @hugo_app JOH es más motagüense que las nalgas operadas de Diego Vásquez,9/14/2021 21:55,1.44E+18,339_850425,"El Carri,Comayagüela M.D.C.",1,0,es,Twitter Web App
64,@geframa @CDOlimpia @hugo_app Fichajes como cuales de los ultimos 6  rollos de malla que han traído salvandose 2 y ya saben quienes son de los 8,9/14/2021 21:49,1.44E+18,jcramosmo,en la luna ,0,0,es,Twitter for Android
65,"RT @NacionOlimpista: ¡Hola @hugo_app! 👋🏼👋🏼Bienvenidos a la familia más grande de Honduras, bienvenidos a la #NaciónOlimpista. 🦁 https://t.c…",9/14/2021 21:36,1.44E+18,Djba_98,La Boca. ,13,0,es,Twitter for Android
66,@AlanBIL1 @R_Villeda @339_850425 @CDOlimpia @hugo_app JOH es más motagüense que las nalgas operadas de Diego Vásquez,9/14/2021 21:36,1.44E+18,Nangara_31,Honduras,1,2,es,Twitter for Android
67,@NacionOlimpista @carlospineda51 @CDOlimpia @hugo_app @carlosalexispr Entonces ahora q escriba “Carlos” x o y cosa en los comentarios del fb tendre q epecificar cual de los dos carlos??,9/14/2021 21:35,1.44E+18,NacionalOlimpia,Honduras,0,0,es,Twitter for iPhone
68,"RT @NacionOlimpista: ¡Hola @hugo_app! 👋🏼👋🏼Bienvenidos a la familia más grande de Honduras, bienvenidos a la #NaciónOlimpista. 🦁 https://t.c…",9/14/2021 21:31,1.44E+18,Hondurasimport1,Wilmington NC,13,0,es,Twitter for Android
69,RT @R_Villeda: Muy contentos porque se ha sumado una marca líder en su área a nuestro querido @CDOlimpia Gracias amigos de @hugo_app por co…,9/14/2021 21:31,1.44E+18,Hondurasimport1,Wilmington NC,7,0,es,Twitter for Android
70,RT @R_Villeda: Muy contentos porque se ha sumado una marca líder en su área a nuestro querido @CDOlimpia Gracias amigos de @hugo_app por co…,9/14/2021 21:27,1.44E+18,Limber9Perez,,7,0,es,Twitter for Android
71,"RT @NacionOlimpista: ¡Hola @hugo_app! 👋🏼👋🏼Bienvenidos a la familia más grande de Honduras, bienvenidos a la #NaciónOlimpista. 🦁 https://t.c…",9/14/2021 21:14,1.44E+18,CesarGodoy_,Honduras,13,0,es,Twitter for iPhone
72,Que servicio más basura se ha vuelto @hugo_app 😕,9/14/2021 21:13,1.44E+18,joselinetoledo,,0,1,es,Twitter for Android
73,@RonyAvilesc @CDOlimpia @hugo_app @carlospineda51 @carlosalexispr Nosotros trasladaremos esa pregunta a la gente de #Hugo en nuestro programa radial. Pendiente. ¡Saludos!,9/14/2021 21:11,1.44E+18,NacionOlimpista,Honduras,0,0,es,Twitter for iPhone
74,"RT @NacionOlimpista: ¡Hola @hugo_app! 👋🏼👋🏼Bienvenidos a la familia más grande de Honduras, bienvenidos a la #NaciónOlimpista. 🦁 https://t.c…",9/14/2021 21:07,1.44E+18,Dennis_Munoz13,,13,0,es,Twitter for Android
75,"Bienvenido @hugo_app a la gran familia de @CDOlimpia , sin duda lograremos grandes cosas juntos. 

#EntreGigantesNosEntedemos https://t.co/waz6k46UUf",9/14/2021 20:58,1.44E+18,TatoSaybe,,1,44,es,Twitter for iPad
76,"RT @NacionOlimpista: ¡Hola @hugo_app! 👋🏼👋🏼Bienvenidos a la familia más grande de Honduras, bienvenidos a la #NaciónOlimpista. 🦁 https://t.c…",9/14/2021 20:45,1.44E+18,evans_hernandez,Honduras ,13,0,es,Twitter for iPhone
77,"RT @Nangara_31: @R_Villeda @339_850425 @CDOlimpia @hugo_app Estadio nuevo mi Rafa!!! ""Estadio Delivery Hugo"" ""Estadio Bancatlan"" ""Estadio B…",9/14/2021 20:35,1.44E+18,339_850425,"El Carri,Comayagüela M.D.C.",1,0,es,Twitter Web App
78,No entiendo porque @hugo_app se mete al delivery de donas si no tienen la capacidad ni para cumplir tiempos de entrega decentes ni la atención al cliente🤔,9/14/2021 20:35,1.44E+18,mpaulinac,#FAS ⚽  ,0,8,es,Twitter for iPhone
79,"@R_Villeda @339_850425 @CDOlimpia @hugo_app Estadio nuevo mi Rafa!!! ""Estadio Delivery Hugo"" ""Estadio Bancatlan"" ""Estadio Banco Atlántida""

Hay que jugarsela con los patrocinadores",9/14/2021 20:35,1.44E+18,Nangara_31,Honduras,1,5,es,Twitter for Android
80,"RT @NacionOlimpista: ¡Hola @hugo_app! 👋🏼👋🏼Bienvenidos a la familia más grande de Honduras, bienvenidos a la #NaciónOlimpista. 🦁 https://t.c…",9/14/2021 20:33,1.44E+18,destephen_j,Sol Sur,13,0,es,Twitter for Android
81,"@R_Villeda @339_850425 @CDOlimpia @hugo_app No puedo ver nada presi, ya que el CM del club bloquea a todos, como ella es del victoria, no está acostumbrada a la presión de manejar redes del club más grande de C.A",9/14/2021 20:31,1.44E+18,payasitodebus,Tu Mente ,0,1,es,Twitter for Android
82,"RT @NacionOlimpista: ¡Hola @hugo_app! 👋🏼👋🏼Bienvenidos a la familia más grande de Honduras, bienvenidos a la #NaciónOlimpista. 🦁 https://t.c…",9/14/2021 20:30,1.44E+18,Paola_NRT,Honduras,13,0,es,Twitter Web App
83,"RT @CDOlimpia: ¡Bienvenido Hugo! 🤝@hugo_app

Esta mañana firmamos la alianza comercial con nuestro nuevo patrocinador Hugo en las instalaci…",9/14/2021 20:27,1.44E+18,Edwinatorres01,Tegucigalpa Honduras,27,0,es,Twitter for Android
84,"RT @NacionOlimpista: ¡Hola @hugo_app! 👋🏼👋🏼Bienvenidos a la familia más grande de Honduras, bienvenidos a la #NaciónOlimpista. 🦁 https://t.c…",9/14/2021 20:27,1.44E+18,Edwinatorres01,Tegucigalpa Honduras,13,0,es,Twitter for Android
85,RT @R_Villeda: Muy contentos porque se ha sumado una marca líder en su área a nuestro querido @CDOlimpia Gracias amigos de @hugo_app por co…,9/14/2021 20:26,1.44E+18,339_850425,"El Carri,Comayagüela M.D.C.",7,0,es,Twitter Web App
86,RT @R_Villeda: Muy contentos porque se ha sumado una marca líder en su área a nuestro querido @CDOlimpia Gracias amigos de @hugo_app por co…,9/14/2021 20:26,1.44E+18,teguzcholu,,7,0,es,Twitter for Android
87,"RT @NacionOlimpista: ¡Hola @hugo_app! 👋🏼👋🏼Bienvenidos a la familia más grande de Honduras, bienvenidos a la #NaciónOlimpista. 🦁 https://t.c…",9/14/2021 20:26,1.44E+18,JulioCMoreno14,Spirit In The Sky,13,0,es,Twitter for Android
88,Muy contentos porque se ha sumado una marca líder en su área a nuestro querido @CDOlimpia Gracias amigos de @hugo_app por confiar en nosotros. Estoy seguro que esta unión traerá muchos éxitos para ambos. ¡Enhorabuena! https://t.co/nPstItPyLZ,9/14/2021 20:24,1.44E+18,R_Villeda,,7,156,es,Twitter Web App
89,"¡Hola @hugo_app! 👋🏼👋🏼Bienvenidos a la familia más grande de Honduras, bienvenidos a la #NaciónOlimpista. 🦁 https://t.co/rRLhFU7bVJ",9/14/2021 20:24,1.44E+18,NacionOlimpista,Honduras,13,156,es,Twitter for iPhone
90,"@daveDYmorel @Maximus2938 @CDOlimpia @hugo_app Tiene razón solo quejándose si tanto les gusta la otra pagina pues solo sigan la otra y ya, ya la cagan!!",9/14/2021 20:18,1.44E+18,Garmendia30,HONDURAS ,0,2,es,Twitter for iPhone
91,"@hugo_app 2 horas esperando mi pedido y lo único que han podido decirme es que tenga paciencia, excelente servicio de su parte😐",9/14/2021 20:14,1.44E+18,Gerardo11305065,,0,0,es,Twitter for Android
92,@NacionOlimpista @hugo_app Todo Olimpista que se llame Hugo ya la hizo. jaja,9/14/2021 20:00,1.44E+18,FunesHade,Honduras,0,4,es,Twitter for iPhone
93,@NacionOlimpista @CDOlimpia @hugo_app @carlospineda51 @carlosalexispr Se harán entrega de las camisetas del Olimpia via Hugo?? 🤔,9/14/2021 19:52,1.44E+18,RonyAvilesc,Honduras,0,1,es,Twitter for Android
94,"@NacionOlimpista @hugo_app Combina 😂😂😂 pense era la presentación de benguche blanco.

Para marketing tiene 0",9/14/2021 19:47,1.44E+18,CabronErrante,"Boston, Massachusetts",0,1,es,Twitter for iPhone
95,"RT @CDOlimpia: ¡Bienvenido Hugo! 🤝@hugo_app

Esta mañana firmamos la alianza comercial con nuestro nuevo patrocinador Hugo en las instalaci…",9/14/2021 19:25,1.44E+18,evans_hernandez,Honduras ,27,0,es,Twitter for iPhone
96,"RT @CDOlimpia: ¡Bienvenido Hugo! 🤝@hugo_app

Esta mañana firmamos la alianza comercial con nuestro nuevo patrocinador Hugo en las instalaci…",9/14/2021 19:12,1.44E+18,JulioCMoreno14,Spirit In The Sky,27,0,es,Twitter for Android
97,RT @NacionOlimpista: ¡OLIMPIA FIRMA NUEVO PATROCINADOR! @hugo_app se convierte en el nuevo representante en nuestra camiseta. ¡Acompañará l…,9/14/2021 19:12,1.44E+18,JulioCMoreno14,Spirit In The Sky,13,0,es,Twitter for Android
98,"RT @CDOlimpia: ¡Bienvenido Hugo! 🤝@hugo_app

Esta mañana firmamos la alianza comercial con nuestro nuevo patrocinador Hugo en las instalaci…",9/14/2021 19:01,1.44E+18,Rossell99230950,Afganistán ,27,0,es,Twitter for Android
99,@NacionOlimpista @carlospineda51 @CDOlimpia @hugo_app @carlosalexispr Excelente. Muchas felicidades hermano @carlospineda51 a por todas!!!!,9/14/2021 18:54,1.44E+18,GerajCHG,San Pedro Sula,0,1,es,Twitter for Android
100,RT @NacionOlimpista: ¡HOY TENEMOS NACIÓN OLIMPISTA RADIO! Abordaremos todos los detalles sobre la firma del contrato de patrocinio entre @C…,9/14/2021 18:53,1.44E+18,carlospineda51,Honduras,1,0,es,Twitter for Android
101,"@daveDYmorel @Maximus2938 @CDOlimpia @hugo_app Pocos se quejan , veo muchos más likes",9/14/2021 18:49,1.44E+18,mleonel1969,Honduras,0,0,es,Twitter for iPhone
102,"RT @CDOlimpia: ¡Bienvenido Hugo! 🤝@hugo_app

Esta mañana firmamos la alianza comercial con nuestro nuevo patrocinador Hugo en las instalaci…",9/14/2021 18:46,1.44E+18,ocarloshn,"13.310061,-87.202091",27,0,es,Twitter for iPad
103,"RT @CDOlimpia: ¡Bienvenido Hugo! 🤝@hugo_app

Esta mañana firmamos la alianza comercial con nuestro nuevo patrocinador Hugo en las instalaci…",9/14/2021 18:45,1.44E+18,Dennis_Munoz13,,27,0,es,Twitter for Android
104,"RT @CDOlimpia: ¡Bienvenido Hugo! 🤝@hugo_app

Esta mañana firmamos la alianza comercial con nuestro nuevo patrocinador Hugo en las instalaci…",9/14/2021 18:45,1.44E+18,AnniethS,"San Pedro Sula, Honduras",27,0,es,Twitter for Android
105,"RT @CDOlimpia: ¡Bienvenido Hugo! 🤝@hugo_app

Esta mañana firmamos la alianza comercial con nuestro nuevo patrocinador Hugo en las instalaci…",9/14/2021 18:42,1.44E+18,calix_nokeira,,27,0,es,Twitter for iPhone
106,@CDOlimpia @hugo_app PINTO HUGO,9/14/2021 18:40,1.44E+18,laloturcios,,0,0,es,Twitter for iPhone
107,"RT @CDOlimpia: ¡Bienvenido Hugo! 🤝@hugo_app

Esta mañana firmamos la alianza comercial con nuestro nuevo patrocinador Hugo en las instalaci…",9/14/2021 18:39,1.44E+18,mayellyponce,"Tegucigalpa, Honduras",27,0,es,Twitter for Android
108,"RT @CDOlimpia: ¡Bienvenido Hugo! 🤝@hugo_app

Esta mañana firmamos la alianza comercial con nuestro nuevo patrocinador Hugo en las instalaci…",9/14/2021 18:35,1.44E+18,Andrea_FuentesB,HONDURAS,27,0,es,Twitter for iPhone
109,"RT @CDOlimpia: ¡Bienvenido Hugo! 🤝@hugo_app

Esta mañana firmamos la alianza comercial con nuestro nuevo patrocinador Hugo en las instalaci…",9/14/2021 18:35,1.44E+18,beduinopalma,Honduras ,27,0,es,Twitter for Android
110,@CDOlimpia @hugo_app Pedidos Ya es el papá de todos ahorita 🤭,9/14/2021 18:31,1.44E+18,carloscalix6399,,0,4,es,Twitter for Android
111,"RT @CDOlimpia: ¡Bienvenido Hugo! 🤝@hugo_app

Esta mañana firmamos la alianza comercial con nuestro nuevo patrocinador Hugo en las instalaci…",9/14/2021 18:31,1.44E+18,MartinM38781822,Milan ,27,0,es,Twitter for iPhone
112,"RT @CDOlimpia: ¡Bienvenido Hugo! 🤝@hugo_app

Esta mañana firmamos la alianza comercial con nuestro nuevo patrocinador Hugo en las instalaci…",9/14/2021 18:30,1.44E+18,mundoalbo1912,Honduras,27,0,es,Twitter for Android
113,"RT @sergiojtrejo: @NacionOlimpista @CDOlimpia @hugo_app @carlospineda51 @carlosalexispr Me gusta esa oración la previa al clasico, porque d…",9/14/2021 18:29,1.44E+18,sergiojtrejo,"Fresh Meadows, NY, queens",1,0,es,Twitter for iPhone
114,"@Maximus2938 @CDOlimpia @hugo_app ??? Se quejan demasiado de las redes del club sinceramente, las fotos tienen que ser seleccionadas y editas. No se van a subir desde un celular y recién tomadas tampoco.",9/14/2021 18:29,1.44E+18,daveDYmorel,"Tegucigalpa, Honduras",0,7,es,Twitter for Android
115,"@NacionOlimpista @CDOlimpia @hugo_app @carlospineda51 @carlosalexispr Me gusta esa oración la previa al clasico, porque decir clasico nacional contra un equipo q en su historia tienen nada o muy poco es mucho regalo llamarle clasico nacional eso quedo en los años 70’",9/14/2021 18:29,1.44E+18,sergiojtrejo,"Fresh Meadows, NY, queens",1,1,es,Twitter for iPhone
116,@Maximus2938 @CDOlimpia @hugo_app Tarde? Y esq due el año pasado? Jajajaja,9/14/2021 18:25,1.44E+18,CristobalJF10,Honduras,0,0,es,Twitter for Android
117,"@Maximus2938 @NacionOlimpista @hugo_app @CDOlimpia Tw solo sirve para dar anuncios oficiales de parte de las empresas.
Cuando se estudia un poco el manejo de cada red se entiende mejor como funciona el asunto.",9/14/2021 18:22,1.44E+18,luismancia1981,,0,0,es,Twitter for Android
118,"@NacionOlimpista @hugo_app Y si el Jugador se llama Hugo, siempre llevará la publicidad??? 🤔🤣",9/14/2021 18:22,1.44E+18,RonyAvilesc,Honduras,0,0,es,Twitter for Android
119,"RT @CDOlimpia: ¡Bienvenido Hugo! 🤝@hugo_app

Esta mañana firmamos la alianza comercial con nuestro nuevo patrocinador Hugo en las instalaci…",9/14/2021 18:19,1.44E+18,IVS_Pte,Tegucigalpa M.D.C.,27,0,es,Twitter for Android
120,"RT @CDOlimpia: ¡Bienvenido Hugo! 🤝@hugo_app

Esta mañana firmamos la alianza comercial con nuestro nuevo patrocinador Hugo en las instalaci…",9/14/2021 18:17,1.44E+18,JMOlimpia,,27,0,es,Twitter for iPhone
121,"RT @CDOlimpia: ¡Bienvenido Hugo! 🤝@hugo_app

Esta mañana firmamos la alianza comercial con nuestro nuevo patrocinador Hugo en las instalaci…",9/14/2021 18:16,1.44E+18,EdwinMe88,"San Pedro Sula,Honduras C.A  ",27,0,es,Twitter for Android
122,"RT @CDOlimpia: ¡Bienvenido Hugo! 🤝@hugo_app

Esta mañana firmamos la alianza comercial con nuestro nuevo patrocinador Hugo en las instalaci…",9/14/2021 18:15,1.44E+18,maldonadocz_21,,27,0,es,Twitter for iPhone
123,"RT @CDOlimpia: ¡Bienvenido Hugo! 🤝@hugo_app

Esta mañana firmamos la alianza comercial con nuestro nuevo patrocinador Hugo en las instalaci…",9/14/2021 18:15,1.44E+18,destephen_j,Sol Sur,27,0,es,Twitter for Android
124,"RT @CDOlimpia: ¡Bienvenido Hugo! 🤝@hugo_app

Esta mañana firmamos la alianza comercial con nuestro nuevo patrocinador Hugo en las instalaci…",9/14/2021 18:15,1.44E+18,teguzcholu,,27,0,es,Twitter for Android
125,"@luismancia1981 @NacionOlimpista @hugo_app @CDOlimpia Estamos hablando de Twitter, aya ellos con las demás redes",9/14/2021 18:13,1.44E+18,Maximus2938,Honduras,0,0,es,Twitter for Android
126,"RT @CDOlimpia: ¡Bienvenido Hugo! 🤝@hugo_app

Esta mañana firmamos la alianza comercial con nuestro nuevo patrocinador Hugo en las instalaci…",9/14/2021 18:12,1.44E+18,mmvilleda,,27,0,es,Twitter for iPhone
127,"@CDOlimpia @hugo_app Excelente, entre más patrocinio más probabilidades de buenos fichajes y mejoras a los inmuebles del equipo.",9/14/2021 18:12,1.44E+18,geframa,Honduras,0,3,es,Twitter for Android
128,"RT @CDOlimpia: ¡Bienvenido Hugo! 🤝@hugo_app

Esta mañana firmamos la alianza comercial con nuestro nuevo patrocinador Hugo en las instalaci…",9/14/2021 18:10,1.44E+18,casco_hector,,27,0,es,Twitter for iPhone
129,"¡Bienvenido Hugo! 🤝@hugo_app

Esta mañana firmamos la alianza comercial con nuestro nuevo patrocinador Hugo en las instalaciones del Centro de Alto Rendimiento José Rafael Ferrari.

#EntreGigantesNosEntendemos https://t.co/OcbcNLWiNd",9/14/2021 18:08,1.44E+18,CDOlimpia,"Tegucigalpa,Honduras",27,326,es,TweetDeck
130,¡HOY TENEMOS NACIÓN OLIMPISTA RADIO! Abordaremos todos los detalles sobre la firma del contrato de patrocinio entre @CDOlimpia y @hugo_app | la previa del clásico ante los verdolagas y mucho más. ¡En cabina por primera vez @carlospineda51 junto a nuestro director @carlosalexispr! https://t.co/jKXlDgoB6K,9/14/2021 18:04,1.44E+18,NacionOlimpista,Honduras,1,43,es,Twitter for iPhone
131,RT @NacionOlimpista: ¡OLIMPIA FIRMA NUEVO PATROCINADOR! @hugo_app se convierte en el nuevo representante en nuestra camiseta. ¡Acompañará l…,9/14/2021 17:55,1.44E+18,Hondurasimport1,Wilmington NC,13,0,es,Twitter for Android
132,@anibalmedrano1 @hugo_app Únanse @hugo_app y @bancatlan,9/14/2021 17:54,1.44E+18,Rossell99230950,Afganistán ,0,1,es,Twitter for Android
133,Desde ya siguiendo a @hugo_app. 👀,9/14/2021 17:53,1.44E+18,NormanAyllon14,"Tegucigalpa, Honduras. 🇭🇳",0,3,es,Twitter for Android
134,@_Keko__ @NacionOlimpista @hugo_app @CDOlimpia Hay que seguir las redes. https://t.co/ps2hctuKkG,9/14/2021 17:50,1.44E+18,luismancia1981,,0,3,es,Twitter for Android
135,Hola @hugo_app ¿podemos hacerles el pedido de un estadio para el Olimpia?😁🤞🏼 https://t.co/TIITJNCA1H,9/14/2021 17:50,1.44E+18,anibalmedrano1,"Nacaome, Valle. Honduras.",3,18,es,Twitter for Android
136,"@Maximus2938 @NacionOlimpista @hugo_app @CDOlimpia Papaito,no sigue las redes del Club usted. https://t.co/ZmA27848mj",9/14/2021 17:49,1.44E+18,luismancia1981,,0,3,es,Twitter for Android
137,"RT @Maximus2938: @NacionOlimpista @hugo_app Nación Olimpista  2
CM @CDOlimpia   0",9/14/2021 17:35,1.44E+18,NormanAyllon14,"Tegucigalpa, Honduras. 🇭🇳",2,0,es,Twitter for Android
138,RT @NacionOlimpista: ¡OLIMPIA FIRMA NUEVO PATROCINADOR! @hugo_app se convierte en el nuevo representante en nuestra camiseta. ¡Acompañará l…,9/14/2021 17:35,1.44E+18,NormanAyllon14,"Tegucigalpa, Honduras. 🇭🇳",13,0,es,Twitter for Android
139,@Maximus2938 @NacionOlimpista @hugo_app @CDOlimpia Los esta barriendo,9/14/2021 17:34,1.44E+18,jcramosmo,en la luna ,0,1,es,Twitter for Android
140,"@jcramosmo @NacionOlimpista @hugo_app @CDOlimpia Y solo esta semana, no digamos más antes 😂🥊CM🤕",9/14/2021 17:31,1.44E+18,Maximus2938,Honduras,0,1,es,Twitter for Android
141,@NacionOlimpista @hugo_app Llevan 3 a 0 al CM de @CDOlimpia .. Vamos Nación. 🙊😂,9/14/2021 17:27,1.44E+18,_Keko__,El Hades,0,1,es,Twitter for Android
142,RT @NacionOlimpista: ¡OLIMPIA FIRMA NUEVO PATROCINADOR! @hugo_app se convierte en el nuevo representante en nuestra camiseta. ¡Acompañará l…,9/14/2021 17:27,1.44E+18,DennisFernnde10,Barrio La Leona Honduras ,13,0,es,Twitter for Android
143,@hugo_app puedo pedir desde la aplicación que me desbloquee Olimpia(?),9/14/2021 17:18,1.44E+18,Adrian_G95,"Tegucigalpa,honduras",0,0,es,Twitter for Android
144,@hugo_app del lado correcto. 🇳🇱🦁 https://t.co/UslVWmPUSi,9/14/2021 17:17,1.44E+18,destephen_j,Sol Sur,0,2,es,Twitter for Android
145,RT @NacionOlimpista: ¡OLIMPIA FIRMA NUEVO PATROCINADOR! @hugo_app se convierte en el nuevo representante en nuestra camiseta. ¡Acompañará l…,9/14/2021 17:16,1.44E+18,xavierHdz1912,Honduras,13,0,es,Twitter for Android
146,@NacionOlimpista @hugo_app Imagínate un repartidor de Hugo en España entregándole la camisa a Luis Suárez,9/14/2021 17:16,1.44E+18,daordonez1987,Estados Unidos,0,5,es,Twitter for Android
147,@owendidier Jajajaja a Soporte Tecnico de @hugo_app,9/14/2021 17:15,1.44E+18,Danger_Format,,0,1,es,Twitter for Android
148,RT @NacionOlimpista: ¡OLIMPIA FIRMA NUEVO PATROCINADOR! @hugo_app se convierte en el nuevo representante en nuestra camiseta. ¡Acompañará l…,9/14/2021 17:14,1.44E+18,Dennis_Munoz13,,13,0,es,Twitter for Android
149,RT @NacionOlimpista: ¡OLIMPIA FIRMA NUEVO PATROCINADOR! @hugo_app se convierte en el nuevo representante en nuestra camiseta. ¡Acompañará l…,9/14/2021 17:12,1.44E+18,hugo_app,Centroamérica y El Caribe,13,0,es,Twitter for iPhone
150,RT @NacionOlimpista: ¡OLIMPIA FIRMA NUEVO PATROCINADOR! @hugo_app se convierte en el nuevo representante en nuestra camiseta. ¡Acompañará l…,9/14/2021 17:12,1.44E+18,imcaceres5,"San Pedro Sula, Honduras",13,0,es,Twitter for Android
151,@NacionOlimpista @hugo_app Debí comprar la camisa antes de ese parche jejejee,9/14/2021 17:11,1.44E+18,Davisin90712124,,0,2,es,Twitter for Android
152,RT @NacionOlimpista: ¡OLIMPIA FIRMA NUEVO PATROCINADOR! @hugo_app se convierte en el nuevo representante en nuestra camiseta. ¡Acompañará l…,9/14/2021 17:11,1.44E+18,IssaSauceda24,HONDURAS,13,0,es,Twitter for Android
153,"RT @Maximus2938: @NacionOlimpista @hugo_app Nación Olimpista  2
CM @CDOlimpia   0",9/14/2021 17:11,1.44E+18,cherrygemsgigi,Honduras,2,0,es,Twitter for Android
154,RT @NacionOlimpista: ¡OLIMPIA FIRMA NUEVO PATROCINADOR! @hugo_app se convierte en el nuevo representante en nuestra camiseta. ¡Acompañará l…,9/14/2021 17:11,1.44E+18,cherrygemsgigi,Honduras,13,0,es,Twitter for Android
155,"@NacionOlimpista @hugo_app Nación Olimpista  2
CM @CDOlimpia   0",9/14/2021 17:10,1.44E+18,Maximus2938,Honduras,2,22,es,Twitter for Android
156,Al menos denme crédito ey 🤣 @hugo_app https://t.co/4dTToffgI7 https://t.co/otaZBjcyRI,9/14/2021 17:10,1.44E+18,ESolis24,El Salvador,0,14,es,Twitter for iPhone
157,RT @NacionOlimpista: ¡OLIMPIA FIRMA NUEVO PATROCINADOR! @hugo_app se convierte en el nuevo representante en nuestra camiseta. ¡Acompañará l…,9/14/2021 17:09,1.44E+18,Adrian_G95,"Tegucigalpa,honduras",13,0,es,Twitter for Android
158,RT @NacionOlimpista: ¡OLIMPIA FIRMA NUEVO PATROCINADOR! @hugo_app se convierte en el nuevo representante en nuestra camiseta. ¡Acompañará l…,9/14/2021 17:09,1.44E+18,Maximus2938,Honduras,13,0,es,Twitter for Android
159,¡OLIMPIA FIRMA NUEVO PATROCINADOR! @hugo_app se convierte en el nuevo representante en nuestra camiseta. ¡Acompañará la parte baja del dorsal de nuestros jugadores! https://t.co/Nj1WSylVom,9/14/2021 17:08,1.44E+18,NacionOlimpista,Honduras,13,157,es,Twitter for iPhone
160,@cc_guzman @hugo_app ayuda,9/14/2021 3:57,1.44E+18,ChelitaCoffee,El Salvador,0,1,es,Twitter for Android
161,En mi vida vuelvo a pedir por @hugo_app 🙅🏻‍♀️,9/14/2021 1:15,1.44E+18,Marce_Sante,,0,1,es,Twitter for iPhone
162,A este cliente le va de sorpresa una mochila y un kit de bocinas de LUJO por la compra de su monitor Huawei por @hugo_app 👌😁 https://t.co/in9sPxiVJ5,9/13/2021 23:03,1.44E+18,TechloverStore,,0,9,es,Twitter for Android
163,En el mundo existen porquerías y luego está el servicio al cliente de @hugo_app. De verdad que me he quedado con ganas de ir @ProConsumidorRD @MIC_RD,9/13/2021 21:48,1.44E+18,daurynova,"Santiago, República Dominicana",0,0,es,Twitter Web App
164,RT @TechloverStore: En la #SmartWeek de @HuaweiLatam tenemos envío gratis al ordenar por @hugo_app y descuentos únicos 😁💕 https://t.co/WgzF…,9/13/2021 19:04,1.44E+18,CarolMonroe,El Salvador,1,0,es,Twitter for Android
165,En la #SmartWeek de @HuaweiLatam tenemos envío gratis al ordenar por @hugo_app y descuentos únicos 😁💕 https://t.co/WgzF3JlGqm,9/13/2021 19:02,1.44E+18,TechloverStore,,1,4,es,Twitter for Android
166,"@Defensoria_910 @hugo_app Gracias... como arte de magia, ya están viendo mi caso nuevamente.",9/13/2021 18:09,1.44E+18,cavelm,El Salvador,0,0,es,Twitter Web App
167,@hugo_app @nohecastaneda Así sufrimos nosotros también cómo comercios de emprendedores 😔,9/13/2021 17:27,1.44E+18,MinutasLM,"Santa Tecla, El Salvador",0,0,es,Twitter for Android
168,@ReneDorathSV @hugo_app @LaSelecta_SLV @Defensoria_910 Yo llevo mas de un mes esperando reembolso por un doble cargo que me hicieron 😠,9/13/2021 17:18,1.44E+18,a_alfa7,,0,0,es,Twitter for Android
169,Como para cuando me harán el reembolso que llevo esperando por mas de un mes señores de @hugo_app???,9/13/2021 16:57,1.44E+18,a_alfa7,,0,1,es,Twitter for Android
170,"@cavelm @hugo_app Si el proveedor no brindó solución aceptable a su reclamo, ingrese su reclamo acá: 👉 https://t.co/REp4lLTY0g    

Contáctenos: WhatsApp 7860-9704 o Teléfono 910.",9/13/2021 16:46,1.44E+18,Defensoria_910,"El Salvador, América Central",0,0,es,Twitter Web App
171,LADRONES @hugo_app,9/13/2021 16:22,1.44E+18,oscarflores8_,Latinoamérica,0,1,es,Twitter for iPhone
172,@hugo_app Son unos sinvergüenzas!!! tengo mas de un mes esperando que me hagan una devolución que ustedes mismos confirmaron tomaría máx. 15 días hábiles. Nadie me da una respuesta!! Tengo acaso que escalar mi problema a la @Defensoria_910 ???,9/13/2021 14:34,1.44E+18,cavelm,El Salvador,0,0,es,Twitter Web App
173,"@nohecastaneda @hugo_app Lastimosamente perdió su enfoque Hugo bajando filtros de calidad en entregas o escenarios cuando los pedidos llegan incompletos, y se lavan dando un Delivery Free por el 99% de los problemas como que eso es suficiente.",9/13/2021 1:23,1.44E+18,jonathansalba,"San Salvador, El Salvador",0,0,es,Twitter for iPhone
174,@hugo_app Felicidades hoy espere 3 horas por mi comida de @Laurel y  lo que recibí fue la comida de @MunirDauhajre la cual devolví y como premio @hugo_app me compensó devolviéndome mi pago y RD$ 95 como compensación.,9/12/2021 22:56,1.44E+18,fmdiazp,,0,1,es,Twitter for iPhone
175,Hoy es la última vez que trato de pedir algo por @hugo_app... les recomiendo que hagan lo mismo,9/12/2021 21:41,1.44E+18,nohecastaneda,"San Salvador, El Salvador",0,3,es,Twitter for Android
176,"RT @PanchoOlivares: No usen @hugo_app!! Aplicación basura! Falsas expectativas! 
Terrible servicio!

Empezaremos a buscar opciones con #Ube…",9/12/2021 3:51,1.44E+18,KaritOlivaresF, Stairway to Heaven,2,0,es,Twitter for iPhone
177,"No usen @hugo_app!! Aplicación basura! Falsas expectativas! 
Terrible servicio!

Empezaremos a buscar opciones con #UberEats o @pedidosya!!",9/12/2021 1:52,1.44E+18,PanchoOlivares,"San José, Costa Rica",2,4,es,Twitter for Android
178,"@detuitentuit @hugo_app Buenas tardes

En primer lugar, queremos pedirte disculpas por este inconveniente 

Nos pudieras compartir por DM un # de teléfono y # de orden de hugo app por favor para darle mejor seguimiento

Att
La familia BW",9/11/2021 17:13,1.44E+18,BWelsalvador,El Salvador,0,0,es,Twitter for iPhone
179,RT @William_Torres6: Ya se acerca el partido de El Salvador contra México y yo sigo esperando deluvion por entradas del partido contra Esta…,9/11/2021 16:36,1.44E+18,jored97,El Salvador,1,0,es,Twitter for Android
180,El envío de las donas en @hugo_app me sale más caro que las propias donas. 😂,9/11/2021 15:30,1.44E+18,Rivjosh,El Salvador,0,0,es,Twitter for Android
181,Cadena de oración para que la pongan en @hugo_app https://t.co/2SouOlnKZn,9/11/2021 2:37,1.44E+18,AdrianaArgueta_,,0,2,es,Twitter for iPhone
182,"@BWelsalvador @hugo_app No sé que problema de logística tienen en la sucursal de metrocentro, pero se ordenaron por hugo a las 11:30, la hora que según hugo comienzan a operar, y trajeron la orden a la 1pm pasadas. Sin dar mayor explicación y lastimosamente hugo no deja cancelar los pedidos.",9/10/2021 19:36,1.44E+18,detuitentuit,desde El Salvador en dictadura,0,0,es,Twitter for Android
183,@detuitentuit @hugo_app ¡Hola! ¿Nos pudieras enviar por DM más detalles para poder ayudarte?,9/10/2021 19:28,1.44E+18,BWelsalvador,El Salvador,0,0,es,Twitter for iPhone
184,"Y así de la nada los de @hugo_app y @BWelsalvador nos dejaron valiendo con el almuerzo.
que servicio más deficiente",9/10/2021 19:02,1.44E+18,detuitentuit,desde El Salvador en dictadura,0,0,es,Twitter Web App
185,"RT @TechloverStore: Ok amigos, les tenemos buenas noticias. 😍

Tenemos súper descuentos con @HuaweiMobileCo y delivery GRATIS con @hugo_app…",9/10/2021 17:56,1.44E+18,Alling,,1,0,es,Twitter for iPhone
186,"@William_Torres6 @hugo_app Si su proveedor no brindó solución aceptable a su reclamo, ingrese su reclamo acá: 👉 https://t.co/REp4lLTY0g   

Contáctenos: WhatsApp 7860-9704 o Teléfono 910.",9/10/2021 17:51,1.44E+18,Defensoria_910,"El Salvador, América Central",0,0,es,Twitter Web App
187,Ya se acerca el partido de El Salvador contra México y yo sigo esperando deluvion por entradas del partido contra Estados Unidos 😡😡😡 @hugo_app @Defensoria_910,9/10/2021 17:46,1.44E+18,William_Torres6,"San Salvador, El Salvador",1,1,es,Twitter for Android
188,"Ok amigos, les tenemos buenas noticias. 😍

Tenemos súper descuentos con @HuaweiMobileCo y delivery GRATIS con @hugo_app por sus compras en la #SuperWeek.

La  Huawei Band 6, que usualmente cuesta $69.99, esta a $49.99 😎👀

Y vale la pena ✅

https://t.co/mM96LfVDLX",9/10/2021 17:28,1.44E+18,TechloverStore,,1,4,es,Twitter Web App
189,@hugo_app el peor servicio🤮,9/9/2021 21:46,1.44E+18,mpaulinac,#FAS ⚽  ,0,0,es,Twitter for iPhone
190,RT @TechloverStore: Les tenemos una sorpresa junto con @HuaweiLatam y @hugo_app 😍,9/9/2021 18:16,1.44E+18,CarolMonroe,El Salvador,1,0,es,Twitter Web App
191,Les tenemos una sorpresa junto con @HuaweiLatam y @hugo_app 😍,9/9/2021 18:15,1.44E+18,TechloverStore,,1,6,es,Twitter Web App
192,RT @MinutasLM: Ya nos puedes encontrar en @hugo_app  y pagar tus #Minutas con #bitcoins @chivowallet https://t.co/YUo6an0xBg,9/9/2021 14:37,1.44E+18,M_ktherin,El Salvador,1,0,es,Twitter for Android
193,@nayibbukele @chivowallet @GooglePlay Jajajaja mejor llámale a alguien de @hugo_app que te ayude,9/9/2021 1:28,1.44E+18,robcepciom,El Salvador,0,0,es,Twitter for iPhone
194,Ya nos puedes encontrar en @hugo_app  y pagar tus #Minutas con #bitcoins @chivowallet https://t.co/YUo6an0xBg,9/8/2021 21:51,1.44E+18,MinutasLM,"Santa Tecla, El Salvador",1,1,es,Twitter for Android
